t,true_x,true_y,true_yaw,true_v,imu_ax,imu_omega,gps_x,gps_y,gps_available
0,0,0,0,0,0,0,-0.016507,0.015463,1
0.01,0.01,0,0,1,99.9088,-0.00110463,-0.0503289,-0.0147841,1
0.02,0.02,0,0,1,0.00884962,-0.00155124,0.0206667,-0.0128338,1
0.03,0.03,0,0,1,0.0225425,-0.00764759,0.0342739,-0.00103957,1
0.04,0.04,0,0,1,-0.0510433,0.0191494,-0.0208016,0.0335827,1
0.05,0.05,0,0,1,0.115271,0.00364278,0.0384058,-0.0347631,1
0.06,0.06,0,0,1,-0.13498,-0.00369002,0.046156,0.00199972,1
0.07,0.07,0,0,1,0.0724779,-0.00175505,0.0427844,0.0356588,1
0.08,0.08,0,0,1,0.0297721,0.0166446,0.0938245,0.0025777,1
0.09,0.09,0,0,1,-0.0824284,-0.00483426,0.0886939,-0.00825903,1
0.1,0.1,0,0,1,0.0934089,0.0069971,0.120953,0.00520806,1
0.11,0.11,0,0,1,-0.0158077,0.0118912,0.102628,-0.02309,1
0.12,0.12,0,0,1,-0.155191,0.00674642,0.0586673,0.0320844,1
0.13,0.13,0,0,1,-0.0601964,0.00377423,0.0885785,-0.00842419,1
0.14,0.14,0,0,1,0.180659,0.00634832,0.14893,-0.0308435,1
0.15,0.15,0,0,1,0.0133882,0.00664136,0.171149,0.0108277,1
0.16,0.16,0,0,1,-0.0121799,-0.00890374,0.147557,-0.0419622,1
0.17,0.17,0,0,1,-0.0347608,-0.00789118,0.162254,0.0138287,1
0.18,0.18,0,0,1,0.00935356,-0.0118715,0.238353,-0.00460009,1
0.19,0.19,0,0,1,-0.0525669,-0.00515712,0.127252,0.0379122,1
0.2,0.2,0,0,1,0.0775172,-0.0100076,0.17725,0.0137225,1
0.21,0.21,0,0,1,-0.0123433,-0.00184089,0.253005,0.0319738,1
0.22,0.22,0,0,1,0.20904,0.0130387,0.21357,-0.0206758,1
0.23,0.23,0,0,1,0.0295105,0.000440229,0.266542,-0.0116837,1
0.24,0.24,0,0,1,0.186836,0.00150657,0.227506,0.0257251,1
0.25,0.25,0,0,1,-0.0594461,0.011567,0.26284,-0.074091,1
0.26,0.26,0,0,1,-0.0891063,0.00746622,0.31617,0.0118912,1
0.27,0.27,0,0,1,-0.00467036,0.00441981,0.271885,0.0150479,1
0.28,0.28,0,0,1,0.0903604,-0.00998814,0.283261,0.00317291,1
0.29,0.29,0,0,1,0.0601048,0.0116644,0.234506,0.0350589,1
0.3,0.3,0,0,1,-0.294131,-0.00750367,0.299854,-0.0114997,1
0.31,0.31,0,0,1,0.080075,0.010001,0.322544,-0.0565958,1
0.32,0.32,0,0,1,0.0495863,-0.0145514,0.319657,0.0124006,1
0.33,0.33,0,0,1,0.125519,-0.0129165,0.355504,0.0118302,1
0.34,0.34,0,0,1,0.143465,0.00432943,0.286502,-0.00729403,1
0.35,0.35,0,0,1,-0.0169534,0.00382826,0.413567,0.0463961,1
0.36,0.36,0,0,1,-0.0162629,-0.017138,0.319758,-0.0486508,1
0.37,0.37,0,0,1,-0.0918143,-0.009779,0.396485,-0.0134791,1
0.38,0.38,0,0,1,-0.18606,0.00509597,0.333457,-0.0153148,1
0.39,0.39,0,0,1,-0.062199,-0.000839012,0.343183,0.0600104,1
0.4,0.4,0,0,1,0.00717872,0.00196755,0.410633,-0.0564094,1
0.41,0.41,0,0,1,0.114202,-0.00100498,0.398764,-0.0387365,1
0.42,0.42,0,0,1,-0.138395,-0.0193564,0.394274,0.0252002,1
0.43,0.43,0,0,1,-0.160705,-0.00294942,0.435516,0.0173369,1
0.44,0.44,0,0,1,0.161858,-0.0041247,0.442597,-0.0177865,1
0.45,0.45,0,0,1,-0.0324333,-0.00556155,0.433522,0.0329039,1
0.46,0.46,0,0,1,-0.0346943,0.00567446,0.555611,0.00252491,1
0.47,0.47,0,0,1,0.0331247,0.00984515,0.488235,0.0309754,1
0.48,0.48,0,0,1,0.0458053,0.00527382,0.514111,0.0134067,1
0.49,0.49,0,0,1,-0.0917693,-0.0063314,0.477445,-0.00334256,1
0.5,0.5,0,0,1,-0.120557,0.0164752,0.466251,0.0384576,1
0.51,0.51,0,0,1,-0.10933,0.0138671,0.523459,-0.00236195,1
0.52,0.52,0,0,1,0.179792,0.0176216,0.501543,0.011484,1
0.53,0.53,0,0,1,0.011291,0.0112991,0.552934,-0.0333349,1
0.54,0.54,0,0,1,0.0556644,-0.0218739,0.466302,-0.00229596,1
0.55,0.55,0,0,1,-0.0493395,0.0104781,0.553107,0.00802908,1
0.56,0.56,0,0,1,0.102801,0.0217335,0.549722,0.00747944,1
0.57,0.57,0,0,1,0.0796702,0.00542963,0.571667,0.00180698,1
0.58,0.58,0,0,1,0.0779525,-0.00190639,0.581331,-0.0352838,1
0.59,0.59,0,0,1,0.0187661,-0.00158779,0.537701,0.0320843,1
0.6,0.6,0,0,1,0.137439,-0.00832414,0.576248,-0.0351593,1
0.61,0.61,0,0,1,0.132402,-0.0187207,0.635558,0.0230502,1
0.62,0.62,0,0,1,-0.12184,0.00811736,0.603522,-0.0737758,1
0.63,0.63,0,0,1,0.124521,-0.00244623,0.631368,0.0116754,1
0.64,0.64,0,0,1,0.0727295,-0.0102564,0.618946,-0.0290133,1
0.65,0.65,0,0,1,-0.0245194,-0.00566937,0.640755,-0.0221229,1
0.66,0.66,0,0,1,-0.144973,-0.00535161,0.636053,-0.0401353,1
0.67,0.67,0,0,1,0.162723,-0.0148594,0.650611,-0.0121066,1
0.68,0.68,0,0,1,0.00583795,0.0102651,0.670708,-0.0350945,1
0.69,0.69,0,0,1,-0.0700536,0.0144081,0.69776,0.0369754,1
0.7,0.7,0,0,1,0.15563,0.00225017,0.704993,0.0242267,1
0.71,0.71,0,0,1,-0.142404,-0.00629325,0.690304,-0.0233724,1
0.72,0.72,0,0,1,0.0253906,0.0049561,0.719951,-0.012781,1
0.73,0.73,0,0,1,0.0867784,-0.00569041,0.742411,0.0402627,1
0.74,0.74,0,0,1,0.0498366,0.0120655,0.746093,0.00148718,1
0.75,0.75,0,0,1,-0.0947853,0.00122885,0.760805,0.051558,1
0.76,0.76,0,0,1,0.0149464,-0.0187845,0.789059,0.019372,1
0.77,0.77,0,0,1,0.00695527,-0.00477341,0.735558,-0.0180677,1
0.78,0.78,0,0,1,-0.225156,0.0204529,0.727076,0.0449967,1
0.79,0.79,0,0,1,-0.0838209,0.016925,0.791311,0.0322105,1
0.8,0.8,0,0,1,0.0531105,-0.0050644,0.761591,-0.0390481,1
0.81,0.81,0,0,1,-0.223035,0.00530338,0.773445,-0.0348098,1
0.82,0.82,0,0,1,0.00375962,0.0198186,0.808628,-0.0317874,1
0.83,0.83,0,0,1,-0.00593427,0.0031628,0.828944,0.00169676,1
0.84,0.84,0,0,1,-0.0334093,0.00144049,0.866005,0.0141311,1
0.85,0.85,0,0,1,-0.0956002,-0.00201116,0.826867,0.0172852,1
0.86,0.86,0,0,1,0.00024066,-0.00847142,0.838923,-0.0357978,1
0.87,0.87,0,0,1,-0.0392731,0.021968,0.916884,0.0166692,1
0.88,0.88,0,0,1,-0.208135,0.0110532,0.901344,-0.00868134,1
0.89,0.89,0,0,1,-0.216706,0.000223445,0.871487,-0.0377653,1
0.9,0.9,0,0,1,0.00979209,0.00951278,0.899736,0.0135423,1
0.91,0.91,0,0,1,0.0218093,0.0183219,0.947259,-0.00257289,1
0.92,0.92,0,0,1,0.0138877,0.0176446,0.949625,0.0229261,1
0.93,0.93,0,0,1,-0.0274817,0.00523531,0.878113,0.0372514,1
0.94,0.94,0,0,1,-0.14564,0.00256916,0.922523,0.00782719,1
0.95,0.95,0,0,1,0.123151,0.00481532,0.933208,0.0451508,1
0.96,0.96,0,0,1,0.0121527,0.00357755,0.975958,0.0208905,1
0.97,0.97,0,0,1,-0.0630577,-0.00671392,0.992271,0.0073037,1
0.98,0.98,0,0,1,-0.0549407,0.018993,0.996576,0.00886651,1
0.99,0.99,0,0,1,0.195651,-0.0156516,0.953685,-0.0484023,1
1,1,0,0,1,0.0193002,-0.0151557,0.943979,-0.0229437,1
1.01,1.01,0,0,1,0.166597,-6.51356e-05,1.03484,0.0302968,1
1.02,1.02,0,0,1,0.0613885,-0.00879462,1.06926,-0.00116437,1
1.03,1.03,0,0,1,-0.0823375,-0.0217629,1.03165,0.0751707,1
1.04,1.04,0,0,1,0.136012,-0.00423605,1.04082,-0.00405301,1
1.05,1.05,0,0,1,0.11449,0.00413326,1.04664,0.0097927,1
1.06,1.06,0,0,1,0.0772545,-0.0146053,1.05193,-0.0131959,1
1.07,1.07,0,0,1,0.117026,0.00728704,1.0511,-0.00550407,1
1.08,1.08,0,0,1,-0.0440454,-0.00377562,1.0658,0.0285565,1
1.09,1.09,0,0,1,-0.163196,0.0145976,1.0661,0.0198233,1
1.1,1.1,0,0,1,-0.0253812,-0.0089007,1.05333,-0.0835391,1
1.11,1.11,0,0,1,0.0429506,-0.0146454,1.14116,-0.0209465,1
1.12,1.12,0,0,1,0.00271577,-0.0142668,1.11889,0.0128834,1
1.13,1.13,0,0,1,-0.137981,0.00208668,1.09819,-0.0335384,1
1.14,1.14,0,0,1,-0.0620968,0.0116955,1.20769,-0.0172076,1
1.15,1.15,0,0,1,-0.169368,0.00737662,1.15704,0.0545406,1
1.16,1.16,0,0,1,0.153343,0.000467561,1.15104,-0.0214743,1
1.17,1.17,0,0,1,0.0456602,-0.00231526,1.21245,0.00375138,1
1.18,1.18,0,0,1,-0.168229,0.00414072,1.18077,-0.0423255,1
1.19,1.19,0,0,1,0.0885944,0.00255745,1.2415,0.013229,1
1.2,1.2,0,0,1,-0.0340158,-0.00970141,1.1819,-0.00771367,1
1.21,1.21,0,0,1,0.0279602,0.00965099,1.22582,0.00785813,1
1.22,1.22,0,0,1,-0.0524215,0.0119502,1.25556,-0.0201012,1
1.23,1.23,0,0,1,-0.0411239,0.00360344,1.23853,0.00115655,1
1.24,1.24,0,0,1,0.220893,-0.0268235,1.26609,0.0317137,1
1.25,1.25,0,0,1,-0.108385,0.0195093,1.28309,0.0345428,1
1.26,1.26,0,0,1,-0.00901629,0.0146924,1.25554,-0.0203773,1
1.27,1.27,0,0,1,-0.0962617,-0.0079976,1.2428,0.0253333,1
1.28,1.28,0,0,1,0.112137,0.00389992,1.32212,-0.0148652,1
1.29,1.29,0,0,1,0.00638545,-0.000995834,1.31473,-0.00373841,1
1.3,1.3,0,0,1,-0.0203569,0.00693113,1.24736,-0.00371682,1
1.31,1.31,0,0,1,0.0147807,0.00372096,1.2956,0.0689541,1
1.32,1.32,0,0,1,0.155411,-0.00578151,1.29166,0.0690874,1
1.33,1.33,0,0,1,0.0126492,0.0206606,1.35075,0.0385845,1
1.34,1.34,0,0,1,-0.00432257,0.00140835,1.34801,0.0220336,1
1.35,1.35,0,0,1,-0.0396146,0.00246392,1.31247,0.0781793,1
1.36,1.36,0,0,1,-0.0912394,0.00742801,1.35412,-0.0289142,1
1.37,1.37,0,0,1,-0.0153438,-0.00528617,1.43573,0.010202,1
1.38,1.38,0,0,1,-0.0955077,0.0289103,1.38239,0.0303995,1
1.39,1.39,0,0,1,0.121376,0.00454123,1.45127,0.0145553,1
1.4,1.4,0,0,1,0.0891488,-0.000428175,1.36718,-0.0711485,1
1.41,1.41,0,0,1,0.247468,-0.00508791,1.38967,-0.0456373,1
1.42,1.42,0,0,1,0.161204,0.00303411,1.41973,-0.00404019,1
1.43,1.43,0,0,1,0.0549379,0.0174438,1.4438,-0.00749194,1
1.44,1.44,0,0,1,0.0435717,-0.0140487,1.46495,0.00622838,1
1.45,1.45,0,0,1,-0.0605231,0.00718372,1.44615,-0.0150342,1
1.46,1.46,0,0,1,-0.137334,0.00697629,1.53505,0.0140886,1
1.47,1.47,0,0,1,-0.197197,0.0329529,1.53707,-0.0199782,1
1.48,1.48,0,0,1,-0.0344606,-0.0164273,1.47793,-0.00562736,1
1.49,1.49,0,0,1,-0.112798,-0.00731979,1.49137,-0.0189298,1
1.5,1.5,0,0,1,0.171171,0.00942276,1.53311,0.00397698,1
1.51,1.51,0,0,1,-0.0530008,0.00685886,1.50201,-0.00805908,1
1.52,1.52,0,0,1,-0.109167,0.00726051,1.55121,-0.0028426,1
1.53,1.53,0,0,1,-0.0971883,0.0099242,1.54958,-0.0567764,1
1.54,1.54,0,0,1,-0.0554877,-0.00549095,1.53861,-0.00989744,1
1.55,1.55,0,0,1,0.0389729,-0.00571484,1.53333,0.0147538,1
1.56,1.56,0,0,1,-0.0396536,0.0197318,1.5424,0.0573241,1
1.57,1.57,0,0,1,-0.0780581,-0.000249289,1.55653,0.0338026,1
1.58,1.58,0,0,1,0.0521114,0.0010291,1.61896,0.0032304,1
1.59,1.59,0,0,1,-0.0872282,0.00877138,1.60293,0.00729923,1
1.6,1.6,0,0,1,-0.126887,-0.0100986,1.62826,0.0258029,1
1.61,1.61,0,0,1,0.0353678,0.0187943,1.68547,-0.0496924,1
1.62,1.62,0,0,1,0.147359,-0.0232751,1.63542,-0.00770431,1
1.63,1.63,0,0,1,0.0228954,-0.0141093,1.61278,-0.0139317,1
1.64,1.64,0,0,1,-0.160324,0.0214567,1.69888,-0.0115518,1
1.65,1.65,0,0,1,0.0755293,0.014543,1.65774,0.0140735,1
1.66,1.66,0,0,1,0.00100241,-0.00727807,1.65958,-0.0114955,1
1.67,1.67,0,0,1,-0.00963302,-0.00607951,1.65587,0.0322537,1
1.68,1.68,0,0,1,0.0199379,0.00295516,1.73105,0.0414943,1
1.69,1.69,0,0,1,0.109735,0.00730705,1.67994,0.0724018,1
1.7,1.7,0,0,1,0.119014,0.00655246,1.68261,-0.000723146,1
1.71,1.71,0,0,1,0.0486727,0.0174632,1.70105,0.0649097,1
1.72,1.72,0,0,1,0.149239,-0.000145205,1.71442,0.031283,1
1.73,1.73,0,0,1,-0.101744,0.00155986,1.68891,-0.0142252,1
1.74,1.74,0,0,1,-0.052414,0.00517589,1.73725,0.0150837,1
1.75,1.75,0,0,1,0.0690101,0.00944271,1.84315,0.0104221,1
1.76,1.76,0,0,1,-0.0240597,-0.00192895,1.80529,0.0492151,1
1.77,1.77,0,0,1,-0.142897,-0.0135717,1.80739,-0.00380435,1
1.78,1.78,0,0,1,0.151273,-0.0135599,1.73843,0.0433293,1
1.79,1.79,0,0,1,-0.0277679,-0.00547734,1.784,-0.0254257,1
1.8,1.8,0,0,1,-0.0840668,0.00481788,1.76025,0.0321916,1
1.81,1.81,0,0,1,-0.0127576,0.00109545,1.76145,0.0463801,1
1.82,1.82,0,0,1,-0.030255,0.0119126,1.80226,-0.0585656,1
1.83,1.83,0,0,1,0.202875,-0.0105997,1.7911,-0.0453779,1
1.84,1.84,0,0,1,0.131732,0.00389763,1.82597,0.0537343,1
1.85,1.85,0,0,1,-0.0692077,0.00267145,1.81288,0.0188775,1
1.86,1.86,0,0,1,-0.105483,0.0182991,1.91915,-0.00639406,1
1.87,1.87,0,0,1,-0.00250098,-0.0145634,1.88284,-0.0626367,1
1.88,1.88,0,0,1,0.0419626,-0.00587062,1.86625,-0.0178151,1
1.89,1.89,0,0,1,0.0487071,-0.00294153,1.9012,0.0152105,1
1.9,1.9,0,0,1,0.000123151,0.00971888,1.92518,0.0544612,1
1.91,1.91,0,0,1,-0.180278,0.0114676,1.89996,0.00618573,1
1.92,1.92,0,0,1,0.102783,0.00906714,1.91665,0.0230344,1
1.93,1.93,0,0,1,-0.165654,-0.00690596,1.88978,0.034933,1
1.94,1.94,0,0,1,-0.219363,0.0129583,2.00637,0.0333596,1
1.95,1.95,0,0,1,-0.0153901,9.71364e-05,1.96353,-0.0314702,1
1.96,1.96,0,0,1,0.0426835,0.00316719,1.96269,-0.0354418,1
1.97,1.97,0,0,1,0.0825379,-0.0194374,1.99565,0.0293823,1
1.98,1.98,0,0,1,0.0732754,0.000830961,1.9444,0.045922,1
1.99,1.99,0,0,1,-0.0651658,-0.00198577,2.00385,0.0704114,1
2,2,0,0,1,0.227616,0.0120971,2.00763,-0.0143824,1
2.01,2.01,0,0,1,-0.00850227,0.0154455,1.99379,0.0154062,1
2.02,2.02,0,0,1,-0.0989589,0.000731891,2.00615,0.03457,1
2.03,2.03,0,0,1,0.236906,0.00637272,2.04738,0.0348205,1
2.04,2.04,0,0,1,-0.000510331,0.00478805,1.99145,0.0112522,1
2.05,2.05,0,0,1,0.026464,0.0109654,2.0676,0.0204302,1
2.06,2.06,0,0,1,-0.0620511,-0.0039306,2.05759,0.0327981,1
2.07,2.07,0,0,1,-0.124988,-0.00545607,2.08676,-0.0356984,1
2.08,2.08,0,0,1,0.048784,-0.0136861,2.06147,0.0568948,1
2.09,2.09,0,0,1,0.0227906,0.0138086,2.11044,-0.00820393,1
2.1,2.1,0,0,1,0.0961162,0.0190118,2.04938,-0.0375937,1
2.11,2.11,0,0,1,0.108063,-0.000449742,2.09437,0.00616286,1
2.12,2.12,0,0,1,0.151826,0.0104877,2.1126,-0.0461411,1
2.13,2.13,0,0,1,-0.019865,0.00278302,2.15605,-0.0538809,1
2.14,2.14,0,0,1,-0.0500095,-0.0101792,2.17747,-0.00900282,1
2.15,2.15,0,0,1,-0.108666,-0.00106498,2.17596,0.0229229,1
2.16,2.16,0,0,1,-0.0402309,-0.00232263,2.17276,0.0100697,1
2.17,2.17,0,0,1,-0.045498,-0.00219035,2.1353,-0.0461354,1
2.18,2.18,0,0,1,0.11337,0.00220765,2.1858,-0.0028882,1
2.19,2.19,0,0,1,-0.216666,0.0141396,2.11455,0.000846078,1
2.2,2.2,0,0,1,0.0222254,0.0220437,2.17891,0.013019,1
2.21,2.21,0,0,1,-0.0579134,-0.00346575,2.21262,0.0164007,1
2.22,2.22,0,0,1,-0.211294,-0.000139523,2.1893,0.00905168,1
2.23,2.23,0,0,1,0.0369357,0.0120096,2.22818,-0.0315508,1
2.24,2.24,0,0,1,0.00851317,-0.0076602,2.26177,-0.0137687,1
2.25,2.25,0,0,1,0.0970689,-0.0179953,2.23312,-0.0180475,1
2.26,2.26,0,0,1,-0.165278,0.0109718,2.22308,-0.00781021,1
2.27,2.27,0,0,1,0.0772656,0.017308,2.23177,0.0187823,1
2.28,2.28,0,0,1,0.0318707,-0.00825449,2.29412,0.0219034,1
2.29,2.29,0,0,1,-0.144908,0.0156113,2.23168,0.0809914,1
2.3,2.3,0,0,1,-0.0412989,-0.00842376,2.31161,0.0410297,1
2.31,2.31,0,0,1,-0.172299,0.0124285,2.32249,0.0322855,1
2.32,2.32,0,0,1,0.0624642,-0.011025,2.26772,-0.00014886,1
2.33,2.33,0,0,1,0.089618,0.00744096,2.36036,0.00963157,1
2.34,2.34,0,0,1,0.027462,0.00376569,2.34976,-0.00500172,1
2.35,2.35,0,0,1,-0.0200685,0.015146,2.32154,-0.0648554,1
2.36,2.36,0,0,1,0.0832191,0.000697266,2.34187,-0.00227452,1
2.37,2.37,0,0,1,-0.260164,0.00391763,2.37707,-0.000547499,1
2.38,2.38,0,0,1,0.107018,-0.0198522,2.35606,-0.00434192,1
2.39,2.39,0,0,1,-0.0847958,0.00927823,2.38366,-0.00352202,1
2.4,2.4,0,0,1,-0.0473186,0.00910979,2.39781,-0.0320105,1
2.41,2.41,0,0,1,-0.0124017,0.0104335,2.37779,0.0109282,1
2.42,2.42,0,0,1,0.068691,-0.0191362,2.38657,-0.0110694,1
2.43,2.43,0,0,1,-0.0216024,0.0225722,2.39363,0.0340646,1
2.44,2.44,0,0,1,0.19553,0.00908406,2.45117,0.0479737,1
2.45,2.45,0,0,1,0.0132129,-0.0150576,2.4338,0.00942159,1
2.46,2.46,0,0,1,-0.0181801,0.00750885,2.44727,-0.0282045,1
2.47,2.47,0,0,1,0.0506375,0.0164476,2.47488,-0.0256892,1
2.48,2.48,0,0,1,0.00508262,-0.00985455,2.4979,0.0230859,1
2.49,2.49,0,0,1,0.00860441,0.000283592,2.45119,0.0323386,1
2.5,2.5,0,0,1,0.139314,0.0117682,2.5206,-0.0663968,1
2.51,2.51,0,0,1,0.0173078,0.00551792,2.53321,0.0336653,1
2.52,2.52,0,0,1,0.00984414,-0.031144,2.51137,-0.0282477,1
2.53,2.53,0,0,1,-0.0579101,-0.00114316,2.51818,-0.0123548,1
2.54,2.54,0,0,1,-0.0106362,0.013021,2.52387,0.00910334,1
2.55,2.55,0,0,1,-0.0148042,-0.00449665,2.59818,0.0468738,1
2.56,2.56,0,0,1,0.0929609,0.0106904,2.56245,0.0391967,1
2.57,2.57,0,0,1,-0.102468,0.0100018,2.55252,-0.00513748,1
2.58,2.58,0,0,1,-0.104798,0.0128132,2.59367,-0.0324511,1
2.59,2.59,0,0,1,0.0695958,0.0110022,2.60069,0.00146025,1
2.6,2.6,0,0,1,0.153797,0.0188989,2.61286,0.00591901,1
2.61,2.61,0,0,1,-0.084445,-0.0200237,2.52858,-0.023985,1
2.62,2.62,0,0,1,-0.0638326,0.00366396,2.61177,-0.0299794,1
2.63,2.63,0,0,1,-0.110617,-0.00720914,2.59792,-0.0580956,1
2.64,2.64,0,0,1,0.0017008,0.000705807,2.64387,-0.0146694,1
2.65,2.65,0,0,1,0.0894738,-0.00480488,2.64547,-0.00710997,1
2.66,2.66,0,0,1,0.0986917,-0.00112346,2.67627,0.0376307,1
2.67,2.67,0,0,1,0.0277209,-0.00438751,2.65328,-0.031921,1
2.68,2.68,0,0,1,-0.0988838,0.000990273,2.6941,0.0574414,1
2.69,2.69,0,0,1,0.00837092,0.0166969,2.64986,0.0165468,1
2.7,2.7,0,0,1,0.0246291,-0.00632147,2.69397,-0.00425087,1
2.71,2.71,0,0,1,-0.100182,0.0126611,2.70093,0.00670533,1
2.72,2.72,0,0,1,-0.0172077,0.017202,2.74527,-0.0108815,1
2.73,2.73,0,0,1,0.0214978,-0.0057173,2.71508,-0.0206551,1
2.74,2.74,0,0,1,0.0225447,0.0186002,2.71337,0.00344607,1
2.75,2.75,0,0,1,0.110996,-0.00200406,2.7259,-0.0638993,1
2.76,2.76,0,0,1,-0.152015,-2.07757e-05,2.79812,-0.0212192,1
2.77,2.77,0,0,1,-0.131395,0.00785044,2.77146,0.0287057,1
2.78,2.78,0,0,1,0.0228095,-0.00887456,2.80367,-0.00815736,1
2.79,2.79,0,0,1,-0.0578137,0.00307993,2.83068,-0.0238368,1
2.8,2.8,0,0,1,-0.101656,0.0137016,2.79973,0.00909369,1
2.81,2.81,0,0,1,0.0236345,-0.00550758,2.79494,0.0167607,1
2.82,2.82,0,0,1,-0.140934,-0.00788296,2.8283,0.0219642,1
2.83,2.83,0,0,1,-0.00275193,0.00325252,2.78128,0.00484689,1
2.84,2.84,0,0,1,0.00815104,0.00650348,2.85342,-0.0364178,1
2.85,2.85,0,0,1,0.0647454,0.00831309,2.83569,0.0199935,1
2.86,2.86,0,0,1,0.0318134,-0.0080067,2.85327,-0.0178253,1
2.87,2.87,0,0,1,-0.0749151,0.00017894,2.85491,0.0433199,1
2.88,2.88,0,0,1,0.053206,-0.00381716,2.90578,0.0103853,1
2.89,2.89,0,0,1,-0.0739265,-0.0112287,2.88285,-0.0304121,1
2.9,2.9,0,0,1,-0.0217322,-0.00090709,2.91165,-0.0208926,1
2.91,2.91,0,0,1,-0.0120645,0.00371524,2.97125,0.0282694,1
2.92,2.92,0,0,1,-0.160921,-0.000396458,2.86899,0.0158491,1
2.93,2.93,0,0,1,-0.0785698,0.0036242,2.89406,-0.0381948,1
2.94,2.94,0,0,1,-0.0675785,-0.014773,2.96557,-0.0205355,1
2.95,2.95,0,0,1,-0.090721,-0.00492063,3.00166,-0.00252778,1
2.96,2.96,0,0,1,-0.0622114,0.00464735,2.95773,0.0262652,1
2.97,2.97,0,0,1,-0.0457072,-0.00140246,2.96767,0.0190362,1
2.98,2.98,0,0,1,-0.0913778,0.00615555,3.00182,-0.0202266,1
2.99,2.99,0,0,1,0.0802493,-6.16341e-05,3.0142,0.00618149,1
3,3,0,0,1,-0.152117,-0.0239974,2.98312,0.0683475,1
3.01,3.01,0,0,1,0.0843574,0.0253081,3.01894,0.00866197,1
3.02,3.02,0,0,1,-0.157291,-0.00167603,3.00475,-0.00345519,1
3.03,3.03,0,0,1,0.0735816,-0.00431958,3.06115,0.00259103,1
3.04,3.04,0,0,1,-0.0411798,0.00257159,3.06274,-0.00261647,1
3.05,3.05,0,0,1,0.0457223,0.00481062,3.01454,0.0250648,1
3.06,3.06,0,0,1,0.0553926,0.00562747,3.04869,0.0172734,1
3.07,3.07,0,0,1,-0.0793423,0.00416412,3.10396,0.0659729,1
3.08,3.08,0,0,1,0.100926,-0.00654821,3.13346,-0.0319555,1
3.09,3.09,0,0,1,-0.006156,0.0270747,3.08096,-0.00952037,1
3.1,3.1,0,0,1,0.117828,0.00285124,3.10951,0.0570281,1
3.11,3.11,0,0,1,0.0686074,-0.000286345,3.0929,0.0185545,1
3.12,3.12,0,0,1,-0.0267412,-0.0048187,3.11112,0.0325082,1
3.13,3.13,0,0,1,0.0164351,0.0120896,3.11314,-0.0398582,1
3.14,3.14,0,0,1,-0.0435126,0.00376111,3.13183,-0.00224733,1
3.15,3.15,0,0,1,-0.133723,0.00164325,3.13787,0.00388234,1
3.16,3.16,0,0,1,0.120558,-0.00399362,3.13403,0.00625066,1
3.17,3.17,0,0,1,0.0204886,0.0126898,3.14185,0.00425583,1
3.18,3.18,0,0,1,-0.0192422,-0.000454475,3.17554,0.0220917,1
3.19,3.19,0,0,1,-0.013478,-0.0107581,3.19138,-0.00152557,1
3.2,3.2,0,0,1,-0.273203,-0.0113235,3.20043,0.00468564,1
3.21,3.21,0,0,1,-0.012453,0.00477786,3.17196,0.00369987,1
3.22,3.22,0,0,1,0.0962573,-0.00391801,3.1942,0.0167052,1
3.23,3.23,0,0,1,0.0555579,-0.0043223,3.19275,0.00498797,1
3.24,3.24,0,0,1,0.0554972,-0.00581172,3.21294,0.0318193,1
3.25,3.25,0,0,1,0.165342,-0.00220542,3.25254,-0.00253958,1
3.26,3.26,0,0,1,0.0197769,-0.00950283,3.20934,0.0342648,1
3.27,3.27,0,0,1,0.0261151,0.016978,3.27484,-0.0118439,1
3.28,3.28,0,0,1,-0.0980248,0.000972906,3.27844,0.0492458,1
3.29,3.29,0,0,1,0.260179,0.01006,3.35247,-0.0347196,1
3.3,3.3,0,0,1,0.0462454,0.00362852,3.23401,-0.0513732,1
3.31,3.31,0,0,1,-0.0165414,0.0146329,3.2793,-0.0238328,1
3.32,3.32,0,0,1,0.0652911,-0.00797984,3.38719,0.0138021,1
3.33,3.33,0,0,1,0.115533,-0.00798733,3.37341,0.00422817,1
3.34,3.34,0,0,1,0.0133736,0.00200111,3.32142,0.00939357,1
3.35,3.35,0,0,1,0.0930403,-0.0107951,3.41328,0.023538,1
3.36,3.36,0,0,1,0.0376413,0.00847564,3.35591,-0.048535,1
3.37,3.37,0,0,1,-0.111139,0.00683369,3.36163,0.0308311,1
3.38,3.38,0,0,1,0.113268,0.0032221,3.33568,0.00773283,1
3.39,3.39,0,0,1,0.0595254,-0.00811805,3.3859,0.0326951,1
3.4,3.4,0,0,1,0.0424691,0.0226921,3.35305,-0.0065158,1
3.41,3.41,0,0,1,-0.101864,0.00208038,3.41679,0.0128237,1
3.42,3.42,0,0,1,-0.0986982,0.00972951,3.39389,-0.00641136,1
3.43,3.43,0,0,1,0.0676795,0.0162699,3.43569,0.0270483,1
3.44,3.44,0,0,1,0.0147083,-0.0102634,3.44623,0.0317982,1
3.45,3.45,0,0,1,0.01282,0.00475152,3.47214,0.00332668,1
3.46,3.46,0,0,1,-0.0466457,-0.00584819,3.45494,0.00598464,1
3.47,3.47,0,0,1,0.0339121,0.0017758,3.46444,-0.0522321,1
3.48,3.48,0,0,1,0.0924466,-0.00298592,3.45011,-0.0018463,1
3.49,3.49,0,0,1,0.0174008,-0.0130966,3.53865,-0.0186488,1
3.5,3.5,0,0,1,0.0800936,0.0132006,3.51944,0.0226756,1
3.51,3.51,0,0,1,0.0100743,-0.0033107,3.58402,-0.0297707,1
3.52,3.52,0,0,1,0.0202337,0.014939,3.52895,-0.0190472,1
3.53,3.53,0,0,1,0.0478667,0.00825258,3.50423,0.0358601,1
3.54,3.54,0,0,1,0.0589863,0.00384009,3.53673,-0.0146579,1
3.55,3.55,0,0,1,-0.0895723,-0.00686971,3.52711,0.00407262,1
3.56,3.56,0,0,1,-0.0306059,-0.0126904,3.52381,-0.0384081,1
3.57,3.57,0,0,1,0.0902138,0.0194505,3.62647,0.0235894,1
3.58,3.58,0,0,1,0.0476572,0.0197096,3.59114,0.0345972,1
3.59,3.59,0,0,1,0.0259433,0.0017063,3.5714,0.0722213,1
3.6,3.6,0,0,1,0.0100708,0.000416974,3.60563,-0.0478115,1
3.61,3.61,0,0,1,0.143233,0.00355191,3.62987,-0.0259868,1
3.62,3.62,0,0,1,-0.0490069,0.00897021,3.6471,0.00181826,1
3.63,3.63,0,0,1,0.121791,-0.00876854,3.60884,0.00186947,1
3.64,3.64,0,0,1,-0.00189578,0.00806112,3.58933,-0.0215796,1
3.65,3.65,0,0,1,0.0633531,0.00230274,3.65845,0.0470502,1
3.66,3.66,0,0,1,0.106437,0.0021432,3.68861,-0.00134294,1
3.67,3.67,0,0,1,-0.00210363,0.00221451,3.7185,-0.0329611,1
3.68,3.68,0,0,1,-0.26189,-0.000206464,3.68093,0.0187057,1
3.69,3.69,0,0,1,-0.0852959,0.0133039,3.6649,0.0474968,1
3.7,3.7,0,0,1,-0.0749107,0.0105816,3.69277,-0.0463695,1
3.71,3.71,0,0,1,0.11233,0.00364019,3.69353,0.0380904,1
3.72,3.72,0,0,1,0.00595872,-0.0130652,3.70177,0.0228231,1
3.73,3.73,0,0,1,0.348957,-0.0146122,3.7977,-0.0092227,1
3.74,3.74,0,0,1,0.0775684,-0.0144431,3.68479,0.0483051,1
3.75,3.75,0,0,1,-0.110065,0.00711346,3.80051,-0.0158136,1
3.76,3.76,0,0,1,0.0891717,-0.00453758,3.75346,-0.0333196,1
3.77,3.77,0,0,1,-0.143903,0.00228112,3.7442,-0.0309004,1
3.78,3.78,0,0,1,-0.140574,0.0140048,3.80031,-0.0109609,1
3.79,3.79,0,0,1,0.0865776,0.00759022,3.82176,-0.0144113,1
3.8,3.8,0,0,1,-0.0230105,0.00693082,3.85008,0.0730323,1
3.81,3.81,0,0,1,0.129743,-0.00816024,3.79254,-0.0176412,1
3.82,3.82,0,0,1,-0.0663483,-0.00939703,3.84436,0.0401349,1
3.83,3.83,0,0,1,0.0798864,0.00257569,3.81288,0.0220265,1
3.84,3.84,0,0,1,-0.143776,-0.0044674,3.84762,0.047068,1
3.85,3.85,0,0,1,0.143281,-0.00497453,3.79755,0.00399281,1
3.86,3.86,0,0,1,0.0407557,-0.00116239,3.83227,0.00990501,1
3.87,3.87,0,0,1,-0.0900672,0.00572028,3.86854,0.0134584,1
3.88,3.88,0,0,1,-0.047457,0.00971677,3.86895,-0.0137919,1
3.89,3.89,0,0,1,0.0245491,-0.00414789,3.86872,0.0562852,1
3.9,3.9,0,0,1,0.120639,-0.033479,3.92382,-0.00660764,1
3.91,3.91,0,0,1,0.0992939,0.00398798,3.91395,-0.0269658,1
3.92,3.92,0,0,1,0.222617,0.0196335,3.86665,-0.0196484,1
3.93,3.93,0,0,1,0.0113163,0.00265222,3.96162,0.0448075,1
3.94,3.94,0,0,1,-0.084635,0.000324481,3.95278,-0.00549574,1
3.95,3.95,0,0,1,-0.0470096,-0.00386006,3.94836,-0.00719697,1
3.96,3.96,0,0,1,-0.0193694,0.00726659,3.96794,0.0284436,1
3.97,3.97,0,0,1,-0.0334582,-0.00603312,3.95469,0.00635249,1
3.98,3.98,0,0,1,-0.0652757,0.00338484,4.00014,0.0198427,1
3.99,3.99,0,0,1,0.0315396,-0.000455922,3.99339,-0.0281798,1
4,4,0,0,1,0.0252048,-0.0128699,4.00289,-0.0433167,1
4.01,4.01,0,0,1,0.16183,0.0011276,0,0,0
4.02,4.02,0,0,1,-0.0896732,0.004503,0,0,0
4.03,4.03,0,0,1,0.167452,-0.00609809,0,0,0
4.04,4.04,0,0,1,0.194577,0.00788202,0,0,0
4.05,4.05,0,0,1,-0.176416,0.0216827,0,0,0
4.06,4.06,0,0,1,-0.174833,0.00218791,0,0,0
4.07,4.07,0,0,1,-0.13979,0.0054636,0,0,0
4.08,4.08,0,0,1,-0.0599316,-0.00089331,0,0,0
4.09,4.09,0,0,1,-0.00401719,0.00790275,0,0,0
4.1,4.1,0,0,1,-0.093354,0.00779864,0,0,0
4.11,4.11,0,0,1,-0.0936755,0.0127476,0,0,0
4.12,4.12,0,0,1,-0.00448669,0.0145298,0,0,0
4.13,4.13,0,0,1,0.112325,0.0112727,0,0,0
4.14,4.14,0,0,1,-0.106349,-0.0179766,0,0,0
4.15,4.15,0,0,1,-0.180453,0.0134128,0,0,0
4.16,4.16,0,0,1,-0.0212139,-0.0234439,0,0,0
4.17,4.17,0,0,1,0.0261366,-0.0243253,0,0,0
4.18,4.18,0,0,1,-0.143519,-0.002911,0,0,0
4.19,4.19,0,0,1,-0.0485509,0.0142186,0,0,0
4.2,4.2,0,0,1,-0.00639785,0.0134025,0,0,0
4.21,4.21,0,0,1,-0.0469784,0.0146595,0,0,0
4.22,4.22,0,0,1,-0.134987,0.00496425,0,0,0
4.23,4.23,0,0,1,-0.0548174,0.000550193,0,0,0
4.24,4.24,0,0,1,0.0655478,-0.00082045,0,0,0
4.25,4.25,0,0,1,0.0774671,0.0102432,0,0,0
4.26,4.26,0,0,1,-0.0187602,0.00858967,0,0,0
4.27,4.27,0,0,1,-0.0371189,0.00238269,0,0,0
4.28,4.28,0,0,1,0.05171,-0.0048117,0,0,0
4.29,4.29,0,0,1,-0.150305,-0.00684212,0,0,0
4.3,4.3,0,0,1,-0.0574993,0.0111853,0,0,0
4.31,4.31,0,0,1,-0.0410055,0.00889394,0,0,0
4.32,4.32,0,0,1,-0.243109,-0.00989782,0,0,0
4.33,4.33,0,0,1,-0.287819,-0.00326008,0,0,0
4.34,4.34,0,0,1,0.13508,0.00255854,0,0,0
4.35,4.35,0,0,1,-0.109546,-0.0170629,0,0,0
4.36,4.36,0,0,1,0.0212074,-0.0080153,0,0,0
4.37,4.37,0,0,1,-0.078058,-0.00938406,0,0,0
4.38,4.38,0,0,1,-0.0983001,-0.0115038,0,0,0
4.39,4.39,0,0,1,-0.0150795,0.00313386,0,0,0
4.4,4.4,0,0,1,-0.095334,0.0181446,0,0,0
4.41,4.41,0,0,1,0.0416191,-0.0185734,0,0,0
4.42,4.42,0,0,1,0.00155624,0.00403085,0,0,0
4.43,4.43,0,0,1,0.0244605,0.000566346,0,0,0
4.44,4.44,0,0,1,0.0628904,0.012107,0,0,0
4.45,4.45,0,0,1,0.0304052,0.00979137,0,0,0
4.46,4.46,0,0,1,0.0620565,-0.00827622,0,0,0
4.47,4.47,0,0,1,0.0949155,0.00939553,0,0,0
4.48,4.48,0,0,1,-0.0436692,-0.00157099,0,0,0
4.49,4.49,0,0,1,0.124312,0.00143586,0,0,0
4.5,4.5,0,0,1,-0.01296,-0.00124062,0,0,0
4.51,4.51,0,0,1,-0.0128393,-0.00520552,0,0,0
4.52,4.52,0,0,1,0.00585704,0.0124024,0,0,0
4.53,4.53,0,0,1,0.0196247,0.000717534,0,0,0
4.54,4.54,0,0,1,0.00539383,-0.00225225,0,0,0
4.55,4.55,0,0,1,-0.153441,-0.01331,0,0,0
4.56,4.56,0,0,1,-0.0266112,0.00713363,0,0,0
4.57,4.57,0,0,1,0.136643,-0.0132363,0,0,0
4.58,4.58,0,0,1,0.135671,-0.0214988,0,0,0
4.59,4.59,0,0,1,0.102592,0.00835768,0,0,0
4.6,4.6,0,0,1,-0.133985,0.0138506,0,0,0
4.61,4.61,0,0,1,0.0519892,-0.0139215,0,0,0
4.62,4.62,0,0,1,0.00325885,0.0123268,0,0,0
4.63,4.63,0,0,1,0.152791,-0.00574491,0,0,0
4.64,4.64,0,0,1,0.0290675,-0.0116512,0,0,0
4.65,4.65,0,0,1,0.198788,0.0149337,0,0,0
4.66,4.66,0,0,1,0.047453,5.37822e-06,0,0,0
4.67,4.67,0,0,1,0.211241,0.00571596,0,0,0
4.68,4.68,0,0,1,0.121365,0.00161292,0,0,0
4.69,4.69,0,0,1,0.093797,0.00540672,0,0,0
4.7,4.7,0,0,1,0.0636316,0.00873429,0,0,0
4.71,4.71,0,0,1,-0.180706,-0.00207376,0,0,0
4.72,4.72,0,0,1,0.0347797,0.0116117,0,0,0
4.73,4.73,0,0,1,-0.145184,-0.00267884,0,0,0
4.74,4.74,0,0,1,0.181999,-0.00667397,0,0,0
4.75,4.75,0,0,1,0.0517576,0.009469,0,0,0
4.76,4.76,0,0,1,-0.00815566,-0.00128218,0,0,0
4.77,4.77,0,0,1,0.00862186,7.7986e-06,0,0,0
4.78,4.78,0,0,1,-0.032411,-0.00459708,0,0,0
4.79,4.79,0,0,1,-0.0856046,-0.00327568,0,0,0
4.8,4.8,0,0,1,-0.021571,0.00732937,0,0,0
4.81,4.81,0,0,1,0.00895217,-0.00544221,0,0,0
4.82,4.82,0,0,1,0.0138542,-0.0100181,0,0,0
4.83,4.83,0,0,1,-0.15716,-0.0132637,0,0,0
4.84,4.84,0,0,1,-0.258663,-0.0127213,0,0,0
4.85,4.85,0,0,1,0.0643768,0.000235259,0,0,0
4.86,4.86,0,0,1,-0.0489145,0.0114428,0,0,0
4.87,4.87,0,0,1,0.0107932,-0.00394296,0,0,0
4.88,4.88,0,0,1,-0.0388481,0.0137394,0,0,0
4.89,4.89,0,0,1,-0.022579,-0.0115004,0,0,0
4.9,4.9,0,0,1,0.0215664,0.00831032,0,0,0
4.91,4.91,0,0,1,-0.0663054,0.00335332,0,0,0
4.92,4.92,0,0,1,0.160822,0.00874755,0,0,0
4.93,4.93,0,0,1,0.0792215,-0.0095166,0,0,0
4.94,4.94,0,0,1,0.119537,-0.00351596,0,0,0
4.95,4.95,0,0,1,0.0842839,0.0175312,0,0,0
4.96,4.96,0,0,1,-0.0461814,0.00476419,0,0,0
4.97,4.97,0,0,1,0.161097,-0.00878124,0,0,0
4.98,4.98,0,0,1,0.140536,0.00391383,0,0,0
4.99,4.99,0,0,1,-0.0719531,0.000930275,0,0,0
5,5,0,0,1,-0.0440116,-0.00378185,0,0,0
5.01,5,0,0.00523599,0,-100.146,0.511717,0,0,0
5.02,5,0,0.010472,0,-0.0108879,0.512692,0,0,0
5.03,5,0,0.015708,0,0.00766,0.523956,0,0,0
5.04,5,0,0.020944,0,0.1509,0.517472,0,0,0
5.05,5,0,0.0261799,0,-0.0585335,0.513905,0,0,0
5.06,5,0,0.0314159,0,-0.112224,0.530718,0,0,0
5.07,5,0,0.0366519,0,-0.25715,0.544734,0,0,0
5.08,5,0,0.0418879,0,0.107019,0.537963,0,0,0
5.09,5,0,0.0471239,0,0.0355005,0.517944,0,0,0
5.1,5,0,0.0523599,0,0.00287945,0.538216,0,0,0
5.11,5,0,0.0575959,0,-0.027694,0.534969,0,0,0
5.12,5,0,0.0628319,0,0.0210618,0.522841,0,0,0
5.13,5,0,0.0680678,0,0.0165737,0.5333,0,0,0
5.14,5,0,0.0733038,0,0.121416,0.519595,0,0,0
5.15,5,0,0.0785398,0,0.048446,0.541574,0,0,0
5.16,5,0,0.0837758,0,0.148358,0.530796,0,0,0
5.17,5,0,0.0890118,0,-0.0144168,0.520356,0,0,0
5.18,5,0,0.0942478,0,-0.138654,0.528094,0,0,0
5.19,5,0,0.0994838,0,0.0686716,0.527333,0,0,0
5.2,5,0,0.10472,0,0.0854287,0.540842,0,0,0
5.21,5,0,0.109956,0,0.0350294,0.527502,0,0,0
5.22,5,0,0.115192,0,0.202877,0.522907,0,0,0
5.23,5,0,0.120428,0,-0.0384331,0.546051,0,0,0
5.24,5,0,0.125664,0,-0.143693,0.533954,0,0,0
5.25,5,0,0.1309,0,-0.0447457,0.505424,0,0,0
5.26,5,0,0.136136,0,0.0863271,0.541462,0,0,0
5.27,5,0,0.141372,0,0.0279943,0.511715,0,0,0
5.28,5,0,0.146608,0,-0.0195296,0.53234,0,0,0
5.29,5,0,0.151844,0,-0.0819421,0.524536,0,0,0
5.3,5,0,0.15708,0,-0.0988182,0.513441,0,0,0
5.31,5,0,0.162316,0,-0.107494,0.531395,0,0,0
5.32,5,0,0.167552,0,0.019021,0.551121,0,0,0
5.33,5,0,0.172788,0,-0.0524184,0.505536,0,0,0
5.34,5,0,0.178024,0,-0.0772837,0.5066,0,0,0
5.35,5,0,0.18326,0,-0.0394435,0.517839,0,0,0
5.36,5,0,0.188496,0,-0.135413,0.523894,0,0,0
5.37,5,0,0.193732,0,-0.0987753,0.535415,0,0,0
5.38,5,0,0.198968,0,0.0287137,0.533055,0,0,0
5.39,5,0,0.204204,0,-0.0634174,0.522281,0,0,0
5.4,5,0,0.20944,0,0.0865542,0.516047,0,0,0
5.41,5,0,0.214675,0,-0.0783494,0.535953,0,0,0
5.42,5,0,0.219911,0,0.168599,0.521441,0,0,0
5.43,5,0,0.225147,0,0.0243789,0.528411,0,0,0
5.44,5,0,0.230383,0,0.0365005,0.518406,0,0,0
5.45,5,0,0.235619,0,-0.178108,0.539606,0,0,0
5.46,5,0,0.240855,0,-0.0892025,0.527739,0,0,0
5.47,5,0,0.246091,0,-0.0720363,0.54257,0,0,0
5.48,5,0,0.251327,0,-0.0153107,0.522906,0,0,0
5.49,5,0,0.256563,0,-0.0183736,0.519583,0,0,0
5.5,5,0,0.261799,0,0.0349476,0.523674,0,0,0
5.51,5,0,0.267035,0,0.102266,0.529184,0,0,0
5.52,5,0,0.272271,0,0.0715964,0.533876,0,0,0
5.53,5,0,0.277507,0,0.139078,0.522446,0,0,0
5.54,5,0,0.282743,0,-0.148797,0.527227,0,0,0
5.55,5,0,0.287979,0,0.0433182,0.518007,0,0,0
5.56,5,0,0.293215,0,-0.0468454,0.530232,0,0,0
5.57,5,0,0.298451,0,0.0303533,0.523061,0,0,0
5.58,5,0,0.303687,0,-0.126205,0.528614,0,0,0
5.59,5,0,0.308923,0,0.0780545,0.532818,0,0,0
5.6,5,0,0.314159,0,-0.0120698,0.518181,0,0,0
5.61,5,0,0.319395,0,-0.106584,0.51756,0,0,0
5.62,5,0,0.324631,0,0.0578319,0.523826,0,0,0
5.63,5,0,0.329867,0,0.0111111,0.509893,0,0,0
5.64,5,0,0.335103,0,0.0782762,0.515212,0,0,0
5.65,5,0,0.340339,0,0.163519,0.522375,0,0,0
5.66,5,0,0.345575,0,-0.0840952,0.519055,0,0,0
5.67,5,0,0.350811,0,-0.0371123,0.520581,0,0,0
5.68,5,0,0.356047,0,-0.0199119,0.519663,0,0,0
5.69,5,0,0.361283,0,0.00443052,0.519537,0,0,0
5.7,5,0,0.366519,0,-0.0422559,0.523197,0,0,0
5.71,5,0,0.371755,0,-0.0411469,0.539311,0,0,0
5.72,5,0,0.376991,0,0.0340957,0.522086,0,0,0
5.73,5,0,0.382227,0,0.0363878,0.509682,0,0,0
5.74,5,0,0.387463,0,0.0401191,0.523277,0,0,0
5.75,5,0,0.392699,0,0.107818,0.536651,0,0,0
5.76,5,0,0.397935,0,0.0516182,0.522074,0,0,0
5.77,5,0,0.403171,0,-0.0248181,0.516169,0,0,0
5.78,5,0,0.408407,0,-0.0124372,0.512434,0,0,0
5.79,5,0,0.413643,0,-0.0160369,0.535506,0,0,0
5.8,5,0,0.418879,0,-0.0409492,0.529409,0,0,0
5.81,5,0,0.424115,0,0.0681295,0.534881,0,0,0
5.82,5,0,0.429351,0,-0.044357,0.516814,0,0,0
5.83,5,0,0.434587,0,-0.106248,0.517384,0,0,0
5.84,5,0,0.439823,0,-0.0381774,0.512347,0,0,0
5.85,5,0,0.445059,0,0.0822719,0.515843,0,0,0
5.86,5,0,0.450295,0,0.243814,0.539148,0,0,0
5.87,5,0,0.455531,0,-0.139752,0.526787,0,0,0
5.88,5,0,0.460767,0,-0.0467,0.52043,0,0,0
5.89,5,0,0.466003,0,-0.14516,0.534587,0,0,0
5.9,5,0,0.471239,0,0.0822424,0.529588,0,0,0
5.91,5,0,0.476475,0,0.192642,0.524423,0,0,0
5.92,5,0,0.481711,0,-0.0694616,0.516435,0,0,0
5.93,5,0,0.486947,0,-0.0860607,0.538841,0,0,0
5.94,5,0,0.492183,0,0.0351799,0.522193,0,0,0
5.95,5,0,0.497419,0,-0.0675733,0.533614,0,0,0
5.96,5,0,0.502655,0,0.0797523,0.529461,0,0,0
5.97,5,0,0.507891,0,-0.102334,0.527194,0,0,0
5.98,5,0,0.513127,0,-0.0903296,0.526756,0,0,0
5.99,5,0,0.518363,0,-0.110237,0.526132,0,0,0
6,5,0,0.523599,0,-0.00296637,0.541987,0,0,0
6.01,5,0,0.528835,0,0.203747,0.516519,0,0,0
6.02,5,0,0.534071,0,-0.0197851,0.526632,0,0,0
6.03,5,0,0.539307,0,0.0462117,0.550504,0,0,0
6.04,5,0,0.544543,0,-0.150068,0.525687,0,0,0
6.05,5,0,0.549779,0,0.0376596,0.5392,0,0,0
6.06,5,0,0.555015,0,-0.0611244,0.523396,0,0,0
6.07,5,0,0.560251,0,-0.012864,0.522361,0,0,0
6.08,5,0,0.565487,0,0.113616,0.539228,0,0,0
6.09,5,0,0.570723,0,-0.0455331,0.523248,0,0,0
6.1,5,0,0.575959,0,-0.169582,0.54296,0,0,0
6.11,5,0,0.581195,0,-0.0151649,0.538361,0,0,0
6.12,5,0,0.586431,0,-0.0141698,0.544076,0,0,0
6.13,5,0,0.591667,0,0.1185,0.522042,0,0,0
6.14,5,0,0.596903,0,-0.0139743,0.524289,0,0,0
6.15,5,0,0.602139,0,0.019308,0.523012,0,0,0
6.16,5,0,0.607375,0,0.0811982,0.52138,0,0,0
6.17,5,0,0.612611,0,0.0793402,0.518444,0,0,0
6.18,5,0,0.617847,0,-0.0621036,0.525789,0,0,0
6.19,5,0,0.623083,0,0.0151955,0.524116,0,0,0
6.2,5,0,0.628319,0,-0.206303,0.526494,0,0,0
6.21,5,0,0.633555,0,-0.105824,0.516057,0,0,0
6.22,5,0,0.638791,0,0.128984,0.528762,0,0,0
6.23,5,0,0.644026,0,-0.0463126,0.502309,0,0,0
6.24,5,0,0.649262,0,-0.199743,0.522423,0,0,0
6.25,5,0,0.654498,0,0.109252,0.525993,0,0,0
6.26,5,0,0.659734,0,0.131013,0.518772,0,0,0
6.27,5,0,0.66497,0,-0.162361,0.531168,0,0,0
6.28,5,0,0.670206,0,0.0630367,0.537556,0,0,0
6.29,5,0,0.675442,0,0.138803,0.526307,0,0,0
6.3,5,0,0.680678,0,0.117493,0.553465,0,0,0
6.31,5,0,0.685914,0,0.0847517,0.518977,0,0,0
6.32,5,0,0.69115,0,-0.00876909,0.530975,0,0,0
6.33,5,0,0.696386,0,-0.181627,0.528331,0,0,0
6.34,5,0,0.701622,0,-0.100997,0.530652,0,0,0
6.35,5,0,0.706858,0,-0.0743113,0.53805,0,0,0
6.36,5,0,0.712094,0,0.0276951,0.52825,0,0,0
6.37,5,0,0.71733,0,-0.122726,0.537387,0,0,0
6.38,5,0,0.722566,0,-0.0683077,0.536726,0,0,0
6.39,5,0,0.727802,0,-0.0188368,0.5398,0,0,0
6.4,5,0,0.733038,0,0.0260928,0.526021,0,0,0
6.41,5,0,0.738274,0,-0.102636,0.504117,0,0,0
6.42,5,0,0.74351,0,-0.0336222,0.522909,0,0,0
6.43,5,0,0.748746,0,-0.104196,0.527059,0,0,0
6.44,5,0,0.753982,0,0.0433529,0.51721,0,0,0
6.45,5,0,0.759218,0,-0.103974,0.533337,0,0,0
6.46,5,0,0.764454,0,-0.090486,0.516123,0,0,0
6.47,5,0,0.76969,0,-0.112053,0.529314,0,0,0
6.48,5,0,0.774926,0,0.135524,0.511024,0,0,0
6.49,5,0,0.780162,0,0.0237797,0.493083,0,0,0
6.5,5,0,0.785398,0,-0.143688,0.516267,0,0,0
6.51,5,0,0.790634,0,-0.10221,0.510088,0,0,0
6.52,5,0,0.79587,0,-0.251864,0.516497,0,0,0
6.53,5,0,0.801106,0,0.0819837,0.522891,0,0,0
6.54,5,0,0.806342,0,-0.0337213,0.527223,0,0,0
6.55,5,0,0.811578,0,0.032216,0.528663,0,0,0
6.56,5,0,0.816814,0,-0.142035,0.523756,0,0,0
6.57,5,0,0.82205,0,-0.0103183,0.533609,0,0,0
6.58,5,0,0.827286,0,0.0513225,0.522391,0,0,0
6.59,5,0,0.832522,0,-0.00670338,0.522803,0,0,0
6.6,5,0,0.837758,0,0.0744103,0.521125,0,0,0
6.61,5,0,0.842994,0,0.0362249,0.519929,0,0,0
6.62,5,0,0.84823,0,0.0966918,0.522801,0,0,0
6.63,5,0,0.853466,0,-0.0303097,0.525955,0,0,0
6.64,5,0,0.858702,0,0.0129111,0.526115,0,0,0
6.65,5,0,0.863938,0,0.0530761,0.531195,0,0,0
6.66,5,0,0.869174,0,-0.203836,0.520401,0,0,0
6.67,5,0,0.87441,0,0.0624623,0.525479,0,0,0
6.68,5,0,0.879646,0,0.102489,0.535599,0,0,0
6.69,5,0,0.884882,0,-0.104556,0.531356,0,0,0
6.7,5,0,0.890118,0,-0.0555623,0.540792,0,0,0
6.71,5,0,0.895354,0,0.0453582,0.527042,0,0,0
6.72,5,0,0.90059,0,-0.133711,0.531444,0,0,0
6.73,5,0,0.905826,0,0.103043,0.519737,0,0,0
6.74,5,0,0.911062,0,0.0925264,0.53054,0,0,0
6.75,5,0,0.916298,0,0.225403,0.524393,0,0,0
6.76,5,0,0.921534,0,-0.0650885,0.534583,0,0,0
6.77,5,0,0.92677,0,-0.0814119,0.52685,0,0,0
6.78,5,0,0.932006,0,0.19176,0.522024,0,0,0
6.79,5,0,0.937242,0,0.0126244,0.521239,0,0,0
6.8,5,0,0.942478,0,-0.0301234,0.516916,0,0,0
6.81,5,0,0.947714,0,0.0849332,0.537408,0,0,0
6.82,5,0,0.95295,0,-0.130937,0.519543,0,0,0
6.83,5,0,0.958186,0,-0.113823,0.519757,0,0,0
6.84,5,0,0.963422,0,-0.00299814,0.525661,0,0,0
6.85,5,0,0.968658,0,-0.136411,0.52291,0,0,0
6.86,5,0,0.973894,0,-0.193583,0.520601,0,0,0
6.87,5,0,0.97913,0,-0.089574,0.50935,0,0,0
6.88,5,0,0.984366,0,-0.0358399,0.52063,0,0,0
6.89,5,0,0.989602,0,-0.0983358,0.52347,0,0,0
6.9,5,0,0.994838,0,-0.0130072,0.508734,0,0,0
6.91,5,0,1.00007,0,0.0935466,0.511757,0,0,0
6.92,5,0,1.00531,0,-0.111039,0.51803,0,0,0
6.93,5,0,1.01055,0,0.0428275,0.520925,0,0,0
6.94,5,0,1.01578,0,0.150159,0.543203,0,0,0
6.95,5,0,1.02102,0,0.0652948,0.535804,0,0,0
6.96,5,0,1.02625,0,0.113447,0.509916,0,0,0
6.97,5,0,1.03149,0,-0.119989,0.515987,0,0,0
6.98,5,0,1.03673,0,0.167543,0.531081,0,0,0
6.99,5,0,1.04196,0,-0.00240868,0.526973,0,0,0
7,5,0,1.0472,0,-0.149739,0.537012,0,0,0
7.01,5,0,1.05243,0,0.190461,0.52745,0,0,0
7.02,5,0,1.05767,0,-0.164598,0.512214,0,0,0
7.03,5,0,1.06291,0,-0.018505,0.530917,0,0,0
7.04,5,0,1.06814,0,-0.109048,0.522393,0,0,0
7.05,5,0,1.07338,0,-0.134685,0.542684,0,0,0
7.06,5,0,1.07861,0,0.0381692,0.531356,0,0,0
7.07,5,0,1.08385,0,0.0311345,0.516832,0,0,0
7.08,5,0,1.08909,0,0.00612055,0.527053,0,0,0
7.09,5,0,1.09432,0,0.00964141,0.518301,0,0,0
7.1,5,0,1.09956,0,-0.0756705,0.534625,0,0,0
7.11,5,0,1.10479,0,0.00926753,0.521855,0,0,0
7.12,5,0,1.11003,0,-0.0460196,0.524064,0,0,0
7.13,5,0,1.11527,0,-0.117031,0.533356,0,0,0
7.14,5,0,1.1205,0,-0.0826893,0.527506,0,0,0
7.15,5,0,1.12574,0,-0.145681,0.535938,0,0,0
7.16,5,0,1.13097,0,0.0450031,0.521062,0,0,0
7.17,5,0,1.13621,0,0.141757,0.507574,0,0,0
7.18,5,0,1.14145,0,-0.0811291,0.501845,0,0,0
7.19,5,0,1.14668,0,-0.047411,0.517931,0,0,0
7.2,5,0,1.15192,0,-0.111783,0.513717,0,0,0
7.21,5,0,1.15715,0,-0.0424645,0.530901,0,0,0
7.22,5,0,1.16239,0,0.00293631,0.529304,0,0,0
7.23,5,0,1.16763,0,-0.0398583,0.522009,0,0,0
7.24,5,0,1.17286,0,-0.0253474,0.515793,0,0,0
7.25,5,0,1.1781,0,-0.265475,0.511622,0,0,0
7.26,5,0,1.18333,0,-0.246182,0.516998,0,0,0
7.27,5,0,1.18857,0,-0.0450414,0.518961,0,0,0
7.28,5,0,1.19381,0,0.0840515,0.521188,0,0,0
7.29,5,0,1.19904,0,0.112426,0.525009,0,0,0
7.3,5,0,1.20428,0,-0.18197,0.526657,0,0,0
7.31,5,0,1.20951,0,0.0594616,0.529332,0,0,0
7.32,5,0,1.21475,0,-0.104502,0.536798,0,0,0
7.33,5,0,1.21999,0,0.0855686,0.535736,0,0,0
7.34,5,0,1.22522,0,0.0760135,0.517492,0,0,0
7.35,5,0,1.23046,0,-0.00883352,0.517288,0,0,0
7.36,5,0,1.23569,0,0.0213041,0.52727,0,0,0
7.37,5,0,1.24093,0,0.00583972,0.520724,0,0,0
7.38,5,0,1.24617,0,0.093721,0.518433,0,0,0
7.39,5,0,1.2514,0,-0.0390353,0.532101,0,0,0
7.4,5,0,1.25664,0,0.0347994,0.524443,0,0,0
7.41,5,0,1.26187,0,-0.0256037,0.512644,0,0,0
7.42,5,0,1.26711,0,0.0292642,0.542242,0,0,0
7.43,5,0,1.27235,0,0.114985,0.513431,0,0,0
7.44,5,0,1.27758,0,-0.00780265,0.512613,0,0,0
7.45,5,0,1.28282,0,-0.078599,0.497818,0,0,0
7.46,5,0,1.28805,0,0.00139525,0.538128,0,0,0
7.47,5,0,1.29329,0,0.10608,0.525667,0,0,0
7.48,5,0,1.29852,0,-0.0907521,0.531577,0,0,0
7.49,5,0,1.30376,0,-0.0971452,0.543027,0,0,0
7.5,5,0,1.309,0,0.13454,0.521035,0,0,0
7.51,5,0,1.31423,0,0.0926576,0.535997,0,0,0
7.52,5,0,1.31947,0,0.00573285,0.538507,0,0,0
7.53,5,0,1.3247,0,0.159117,0.524537,0,0,0
7.54,5,0,1.32994,0,0.158843,0.501136,0,0,0
7.55,5,0,1.33518,0,0.0513654,0.528193,0,0,0
7.56,5,0,1.34041,0,0.0584532,0.528307,0,0,0
7.57,5,0,1.34565,0,0.0570021,0.54485,0,0,0
7.58,5,0,1.35088,0,0.0124471,0.528174,0,0,0
7.59,5,0,1.35612,0,0.0814443,0.551085,0,0,0
7.6,5,0,1.36136,0,-0.0062193,0.512284,0,0,0
7.61,5,0,1.36659,0,-0.253601,0.53122,0,0,0
7.62,5,0,1.37183,0,0.0171403,0.518567,0,0,0
7.63,5,0,1.37706,0,-0.0656797,0.523652,0,0,0
7.64,5,0,1.3823,0,0.0261993,0.511574,0,0,0
7.65,5,0,1.38754,0,-0.13837,0.52004,0,0,0
7.66,5,0,1.39277,0,0.0220771,0.516384,0,0,0
7.67,5,0,1.39801,0,-0.0272365,0.510471,0,0,0
7.68,5,0,1.40324,0,0.0428743,0.53206,0,0,0
7.69,5,0,1.40848,0,0.0276282,0.52423,0,0,0
7.7,5,0,1.41372,0,-0.0528097,0.526937,0,0,0
7.71,5,0,1.41895,0,0.0502775,0.522528,0,0,0
7.72,5,0,1.42419,0,-0.099971,0.534336,0,0,0
7.73,5,0,1.42942,0,-0.170551,0.530419,0,0,0
7.74,5,0,1.43466,0,0.0952888,0.532098,0,0,0
7.75,5,0,1.4399,0,0.0651914,0.505463,0,0,0
7.76,5,0,1.44513,0,-0.00705382,0.519478,0,0,0
7.77,5,0,1.45037,0,-0.0310843,0.549406,0,0,0
7.78,5,0,1.4556,0,0.0296131,0.516736,0,0,0
7.79,5,0,1.46084,0,-0.0782303,0.523392,0,0,0
7.8,5,0,1.46608,0,0.126532,0.530569,0,0,0
7.81,5,0,1.47131,0,0.120362,0.538477,0,0,0
7.82,5,0,1.47655,0,-0.134964,0.514326,0,0,0
7.83,5,0,1.48178,0,0.0673687,0.530444,0,0,0
7.84,5,0,1.48702,0,0.0806588,0.530603,0,0,0
7.85,5,0,1.49226,0,0.00321842,0.533437,0,0,0
7.86,5,0,1.49749,0,-0.157305,0.536361,0,0,0
7.87,5,0,1.50273,0,-0.135773,0.529841,0,0,0
7.88,5,0,1.50796,0,0.0795346,0.520435,0,0,0
7.89,5,0,1.5132,0,0.0172274,0.507582,0,0,0
7.9,5,0,1.51844,0,0.0434216,0.527932,0,0,0
7.91,5,0,1.52367,0,0.0913138,0.51533,0,0,0
7.92,5,0,1.52891,0,0.0157278,0.524334,0,0,0
7.93,5,0,1.53414,0,0.106044,0.536353,0,0,0
7.94,5,0,1.53938,0,-0.0805106,0.532158,0,0,0
7.95,5,0,1.54462,0,-0.155843,0.519487,0,0,0
7.96,5,0,1.54985,0,-0.0559293,0.533684,0,0,0
7.97,5,0,1.55509,0,0.11914,0.526403,0,0,0
7.98,5,0,1.56032,0,-0.0211858,0.534862,0,0,0
7.99,5,0,1.56556,0,0.0197445,0.527576,0,0,0
8,5,0,1.5708,0,-0.0545367,0.527796,0,0,0
8.01,5,0.01,1.5708,1,99.9039,-0.00281764,0,0,0
8.02,5,0.02,1.5708,1,0.155898,0.000907782,0,0,0
8.03,5,0.03,1.5708,1,0.0775773,-0.00298111,0,0,0
8.04,5,0.04,1.5708,1,0.150798,0.000694696,0,0,0
8.05,5,0.05,1.5708,1,0.152037,-0.00570493,0,0,0
8.06,5,0.06,1.5708,1,-0.0364747,-0.000410082,0,0,0
8.07,5,0.07,1.5708,1,-0.0318714,0.0111092,0,0,0
8.08,5,0.08,1.5708,1,0.0947159,0.00489327,0,0,0
8.09,5,0.09,1.5708,1,0.0756924,0.0295206,0,0,0
8.1,5,0.1,1.5708,1,0.0508854,0.0104542,0,0,0
8.11,5,0.11,1.5708,1,-0.070522,-0.00352664,0,0,0
8.12,5,0.12,1.5708,1,-0.11954,0.00344467,0,0,0
8.13,5,0.13,1.5708,1,0.01218,-0.0135445,0,0,0
8.14,5,0.14,1.5708,1,0.0280732,0.00561221,0,0,0
8.15,5,0.15,1.5708,1,0.111927,-0.00159312,0,0,0
8.16,5,0.16,1.5708,1,0.0823937,0.00792651,0,0,0
8.17,5,0.17,1.5708,1,0.0664222,-0.0071199,0,0,0
8.18,5,0.18,1.5708,1,-0.0041165,0.0134975,0,0,0
8.19,5,0.19,1.5708,1,0.094216,-0.0130979,0,0,0
8.2,5,0.2,1.5708,1,0.0693478,-0.0084375,0,0,0
8.21,5,0.21,1.5708,1,0.118171,-0.000513603,0,0,0
8.22,5,0.22,1.5708,1,-0.149598,-0.00753846,0,0,0
8.23,5,0.23,1.5708,1,0.172081,-0.0108837,0,0,0
8.24,5,0.24,1.5708,1,-0.0620626,-0.0274897,0,0,0
8.25,5,0.25,1.5708,1,0.0587507,-0.0112127,0,0,0
8.26,5,0.26,1.5708,1,-0.0723209,-0.00528394,0,0,0
8.27,5,0.27,1.5708,1,-0.142486,-0.00411738,0,0,0
8.28,5,0.28,1.5708,1,0.0486816,0.00788545,0,0,0
8.29,5,0.29,1.5708,1,0.0695927,-0.0143342,0,0,0
8.3,5,0.3,1.5708,1,-0.0766832,-0.00867124,0,0,0
8.31,5,0.31,1.5708,1,-0.0759599,0.00456031,0,0,0
8.32,5,0.32,1.5708,1,0.0685905,-0.0149897,0,0,0
8.33,5,0.33,1.5708,1,0.0341683,-0.00236791,0,0,0
8.34,5,0.34,1.5708,1,0.0217786,-0.0183802,0,0,0
8.35,5,0.35,1.5708,1,0.0622072,-0.0201967,0,0,0
8.36,5,0.36,1.5708,1,-0.00886413,0.00475651,0,0,0
8.37,5,0.37,1.5708,1,0.0869219,0.00563085,0,0,0
8.38,5,0.38,1.5708,1,-0.0463189,-0.00292316,0,0,0
8.39,5,0.39,1.5708,1,0.132043,0.00149167,0,0,0
8.4,5,0.4,1.5708,1,0.0141254,-0.0115875,0,0,0
8.41,5,0.41,1.5708,1,-0.189428,-0.00353702,0,0,0
8.42,5,0.42,1.5708,1,-0.0686386,-0.0113594,0,0,0
8.43,5,0.43,1.5708,1,0.136574,0.00813913,0,0,0
8.44,5,0.44,1.5708,1,-0.171064,-0.00210472,0,0,0
8.45,5,0.45,1.5708,1,0.131739,0.0213392,0,0,0
8.46,5,0.46,1.5708,1,0.0147502,0.00233691,0,0,0
8.47,5,0.47,1.5708,1,0.0158133,-0.00488418,0,0,0
8.48,5,0.48,1.5708,1,-0.191999,-0.00168513,0,0,0
8.49,5,0.49,1.5708,1,-0.0302962,0.0135055,0,0,0
8.5,5,0.5,1.5708,1,-0.0445934,-0.000207456,0,0,0
8.51,5,0.51,1.5708,1,-0.066227,0.017103,0,0,0
8.52,5,0.52,1.5708,1,0.0627225,0.0139015,0,0,0
8.53,5,0.53,1.5708,1,0.205953,0.014086,0,0,0
8.54,5,0.54,1.5708,1,0.12006,0.00988916,0,0,0
8.55,5,0.55,1.5708,1,0.00333398,8.84245e-05,0,0,0
8.56,5,0.56,1.5708,1,0.0371824,-0.00495965,0,0,0
8.57,5,0.57,1.5708,1,-0.0491475,0.0122768,0,0,0
8.58,5,0.58,1.5708,1,-0.0717888,0.00911059,0,0,0
8.59,5,0.59,1.5708,1,0.0150776,-0.0121152,0,0,0
8.6,5,0.6,1.5708,1,-0.0253886,0.00669145,0,0,0
8.61,5,0.61,1.5708,1,-0.0994313,0.0173811,0,0,0
8.62,5,0.62,1.5708,1,0.17488,0.00747996,0,0,0
8.63,5,0.63,1.5708,1,0.0915387,0.0302475,0,0,0
8.64,5,0.64,1.5708,1,0.0842481,-0.00194925,0,0,0
8.65,5,0.65,1.5708,1,-0.0456938,-0.00222759,0,0,0
8.66,5,0.66,1.5708,1,-0.0158237,0.00370251,0,0,0
8.67,5,0.67,1.5708,1,0.163753,0.00205647,0,0,0
8.68,5,0.68,1.5708,1,-0.0309922,0.0148202,0,0,0
8.69,5,0.69,1.5708,1,0.0132539,-0.00140673,0,0,0
8.7,5,0.7,1.5708,1,-0.0180047,0.0136717,0,0,0
8.71,5,0.71,1.5708,1,-0.0599934,0.00449558,0,0,0
8.72,5,0.72,1.5708,1,-0.0559588,-0.00724338,0,0,0
8.73,5,0.73,1.5708,1,0.0945727,0.0103515,0,0,0
8.74,5,0.74,1.5708,1,-0.00780038,0.0111815,0,0,0
8.75,5,0.75,1.5708,1,-0.0759169,0.0145179,0,0,0
8.76,5,0.76,1.5708,1,0.0346826,-0.00294571,0,0,0
8.77,5,0.77,1.5708,1,-0.0581652,0.00777503,0,0,0
8.78,5,0.78,1.5708,1,-0.0978168,-0.0010193,0,0,0
8.79,5,0.79,1.5708,1,0.0283562,-0.00852643,0,0,0
8.8,5,0.8,1.5708,1,-0.121099,-0.0187701,0,0,0
8.81,5,0.81,1.5708,1,-0.0704848,0.00619711,0,0,0
8.82,5,0.82,1.5708,1,-0.0321482,0.000233164,0,0,0
8.83,5,0.83,1.5708,1,-0.035019,0.00223557,0,0,0
8.84,5,0.84,1.5708,1,-0.0288664,-0.0178265,0,0,0
8.85,5,0.85,1.5708,1,-0.138037,0.00955306,0,0,0
8.86,5,0.86,1.5708,1,-0.0415118,-0.000205435,0,0,0
8.87,5,0.87,1.5708,1,0.0940439,-0.00567311,0,0,0
8.88,5,0.88,1.5708,1,-0.175678,0.000370737,0,0,0
8.89,5,0.89,1.5708,1,0.0326433,-0.00865118,0,0,0
8.9,5,0.9,1.5708,1,-0.104706,0.00883315,0,0,0
8.91,5,0.91,1.5708,1,0.0544927,-0.00560051,0,0,0
8.92,5,0.92,1.5708,1,-0.113771,0.00591873,0,0,0
8.93,5,0.93,1.5708,1,-0.0144212,-0.00952028,0,0,0
8.94,5,0.94,1.5708,1,0.0880289,0.00120715,0,0,0
8.95,5,0.95,1.5708,1,-0.121122,-0.0240933,0,0,0
8.96,5,0.96,1.5708,1,-0.157238,-0.0103565,0,0,0
8.97,5,0.97,1.5708,1,0.313765,0.0109607,0,0,0
8.98,5,0.98,1.5708,1,0.0707703,0.0150819,0,0,0
8.99,5,0.99,1.5708,1,0.0322607,-0.00652893,0,0,0
9,5,1,1.5708,1,0.166393,-0.00175347,5.02024,0.995213,1
9.01,5,1.01,1.5708,1,0.0763814,0.00739781,4.968,1.04307,1
9.02,5,1.02,1.5708,1,-0.0521332,0.00305048,4.99986,1.03112,1
9.03,5,1.03,1.5708,1,0.296886,0.00052625,4.97796,0.969406,1
9.04,5,1.04,1.5708,1,0.090055,-0.013247,5.07393,1.0498,1
9.05,5,1.05,1.5708,1,0.192468,0.00828866,5.02488,1.07768,1
9.06,5,1.06,1.5708,1,0.0757139,-0.000761858,4.97104,1.05202,1
9.07,5,1.07,1.5708,1,-0.160752,0.00392279,4.95106,1.0579,1
9.08,5,1.08,1.5708,1,0.085034,0.00378886,4.96642,1.10942,1
9.09,5,1.09,1.5708,1,0.0794721,0.01429,5.00075,1.06544,1
9.1,5,1.1,1.5708,1,-0.148268,0.0100028,5.03202,1.11661,1
9.11,5,1.11,1.5708,1,0.0055611,0.00299808,4.99856,1.09985,1
9.12,5,1.12,1.5708,1,-0.0540509,0.00754026,4.98507,1.124,1
9.13,5,1.13,1.5708,1,-0.0516633,-0.00568148,4.97541,1.1553,1
9.14,5,1.14,1.5708,1,0.118376,-0.00378288,5.02645,1.13958,1
9.15,5,1.15,1.5708,1,0.0710556,-0.00258274,5.01466,1.11203,1
9.16,5,1.16,1.5708,1,-0.0825139,0.00663794,4.91989,1.21408,1
9.17,5,1.17,1.5708,1,0.25661,0.0273487,4.99459,1.14221,1
9.18,5,1.18,1.5708,1,0.0345509,0.0127462,4.99539,1.17277,1
9.19,5,1.19,1.5708,1,-0.00890247,-0.0118754,4.96556,1.19101,1
9.2,5,1.2,1.5708,1,0.209784,-0.00303235,4.98588,1.1895,1
9.21,5,1.21,1.5708,1,0.0654773,-0.00342776,4.99358,1.24938,1
9.22,5,1.22,1.5708,1,0.027005,-0.00729276,4.99655,1.19265,1
9.23,5,1.23,1.5708,1,0.120351,-0.000392803,4.98656,1.19986,1
9.24,5,1.24,1.5708,1,-0.101577,0.0107897,4.97287,1.23717,1
9.25,5,1.25,1.5708,1,0.189052,-0.00805865,4.99368,1.246,1
9.26,5,1.26,1.5708,1,0.0239499,-0.000956919,4.95551,1.26337,1
9.27,5,1.27,1.5708,1,-0.0250305,-0.00192482,4.95619,1.21566,1
9.28,5,1.28,1.5708,1,0.0582325,-0.00862842,5.02627,1.30085,1
9.29,5,1.29,1.5708,1,-0.0562563,0.000105755,5.00501,1.29115,1
9.3,5,1.3,1.5708,1,-0.090371,0.000318076,4.94921,1.32087,1
9.31,5,1.31,1.5708,1,-0.0209621,0.00938324,5.02634,1.30261,1
9.32,5,1.32,1.5708,1,0.0525376,-0.00168503,5.01144,1.28883,1
9.33,5,1.33,1.5708,1,-0.0199305,-0.0169189,4.96917,1.31542,1
9.34,5,1.34,1.5708,1,0.113919,0.012804,5.00988,1.34421,1
9.35,5,1.35,1.5708,1,-0.122806,0.0017609,5.02498,1.3754,1
9.36,5,1.36,1.5708,1,-0.0620725,-0.0192728,5.00391,1.33847,1
9.37,5,1.37,1.5708,1,0.0234687,-0.00413391,5.00345,1.36232,1
9.38,5,1.38,1.5708,1,-0.0870776,-0.000903172,5.02119,1.368,1
9.39,5,1.39,1.5708,1,-0.0509105,0.00289178,4.97886,1.3661,1
9.4,5,1.4,1.5708,1,0.0953829,0.000751693,5.02344,1.40806,1
9.41,5,1.41,1.5708,1,0.0123525,0.00857986,4.98301,1.38262,1
9.42,5,1.42,1.5708,1,-0.012728,8.9617e-05,4.98851,1.4489,1
9.43,5,1.43,1.5708,1,-0.156082,-0.00543503,4.99464,1.37461,1
9.44,5,1.44,1.5708,1,-0.0247361,0.00105206,4.95858,1.42619,1
9.45,5,1.45,1.5708,1,0.0650026,0.00485232,4.98779,1.4536,1
9.46,5,1.46,1.5708,1,-0.0860485,0.0115938,4.9918,1.49192,1
9.47,5,1.47,1.5708,1,0.0449354,0.00894817,4.99767,1.47222,1
9.48,5,1.48,1.5708,1,0.0430631,-0.00493476,4.96762,1.51864,1
9.49,5,1.49,1.5708,1,0.0418431,-0.0139872,4.94069,1.52252,1
9.5,5,1.5,1.5708,1,0.0433727,0.0330552,5.02607,1.46864,1
9.51,5,1.51,1.5708,1,0.104036,0.00664993,4.97561,1.5209,1
9.52,5,1.52,1.5708,1,0.115969,-0.00446913,5.03395,1.52345,1
9.53,5,1.53,1.5708,1,0.0414166,-0.00592121,5.01424,1.57401,1
9.54,5,1.54,1.5708,1,0.0811312,0.00476244,5.06176,1.54762,1
9.55,5,1.55,1.5708,1,0.00513136,0.00162412,4.97215,1.54633,1
9.56,5,1.56,1.5708,1,-0.0411588,0.00369107,4.9723,1.52523,1
9.57,5,1.57,1.5708,1,-0.112121,-0.017425,4.96974,1.56615,1
9.58,5,1.58,1.5708,1,-0.0571423,0.00234114,4.99658,1.53857,1
9.59,5,1.59,1.5708,1,0.266404,0.00932027,4.98219,1.62325,1
9.6,5,1.6,1.5708,1,0.0258814,-0.00576054,5.02039,1.60413,1
9.61,5,1.61,1.5708,1,0.0387505,0.00885507,5.07751,1.64746,1
9.62,5,1.62,1.5708,1,-0.00160485,-0.0117428,5.01994,1.58955,1
9.63,5,1.63,1.5708,1,-0.00563635,-0.00403738,4.96408,1.66616,1
9.64,5,1.64,1.5708,1,-0.16191,0.000628304,4.99,1.64546,1
9.65,5,1.65,1.5708,1,-0.167833,-2.14427e-05,5.00346,1.65173,1
9.66,5,1.66,1.5708,1,0.148716,-0.00057688,4.97096,1.67682,1
9.67,5,1.67,1.5708,1,-0.0442308,-0.00747445,5.00431,1.61779,1
9.68,5,1.68,1.5708,1,0.0375456,-0.00889004,4.97361,1.71471,1
9.69,5,1.69,1.5708,1,-0.0386938,0.000614631,5.00644,1.74243,1
9.7,5,1.7,1.5708,1,0.125083,-0.0026556,5.00854,1.73033,1
9.71,5,1.71,1.5708,1,0.189247,0.0103897,5.00855,1.70327,1
9.72,5,1.72,1.5708,1,0.16505,0.0142325,4.98029,1.73013,1
9.73,5,1.73,1.5708,1,0.0524786,0.000967996,4.98375,1.74023,1
9.74,5,1.74,1.5708,1,0.00625321,-0.00250667,4.97082,1.75543,1
9.75,5,1.75,1.5708,1,-0.0893416,0.00764998,4.99752,1.81299,1
9.76,5,1.76,1.5708,1,0.00643162,-0.00560175,5.00934,1.71853,1
9.77,5,1.77,1.5708,1,-0.163107,-0.00166503,4.96853,1.75793,1
9.78,5,1.78,1.5708,1,0.135053,-0.00756037,4.98602,1.90158,1
9.79,5,1.79,1.5708,1,-0.05854,-0.000900458,4.98822,1.78297,1
9.8,5,1.8,1.5708,1,-0.08253,0.00523141,5.00363,1.8149,1
9.81,5,1.81,1.5708,1,-0.187255,-0.000201924,5.01974,1.84137,1
9.82,5,1.82,1.5708,1,-0.0182618,-0.00347035,5.08078,1.84481,1
9.83,5,1.83,1.5708,1,-0.0360412,0.0133665,5.00146,1.76328,1
9.84,5,1.84,1.5708,1,-0.231278,0.00168928,4.9696,1.78493,1
9.85,5,1.85,1.5708,1,-0.0548356,-0.00546397,5.00007,1.90299,1
9.86,5,1.86,1.5708,1,0.0227829,-0.00737674,4.99031,1.87783,1
9.87,5,1.87,1.5708,1,-0.0331944,0.000239246,5.00729,1.8876,1
9.88,5,1.88,1.5708,1,-0.00486055,-0.0126329,4.98844,1.90643,1
9.89,5,1.89,1.5708,1,0.136606,-0.000603414,5.04196,1.93791,1
9.9,5,1.9,1.5708,1,0.0173389,0.015356,4.99515,1.88171,1
9.91,5,1.91,1.5708,1,0.020534,-0.00822223,4.9925,1.8942,1
9.92,5,1.92,1.5708,1,0.132209,0.0116542,4.99748,1.91933,1
9.93,5,1.93,1.5708,1,0.0269182,0.0298208,5.03261,1.93946,1
9.94,5,1.94,1.5708,1,-0.0816604,0.0128779,4.96739,1.92315,1
9.95,5,1.95,1.5708,1,0.0330681,-0.00407194,4.97213,1.99136,1
9.96,5,1.96,1.5708,1,0.200135,-0.00510447,5.03416,1.92547,1
9.97,5,1.97,1.5708,1,0.001803,0.00395402,4.98383,1.92207,1
9.98,5,1.98,1.5708,1,0.0379535,0.00848818,5.00926,1.95874,1
9.99,5,1.99,1.5708,1,0.0300894,0.00327582,5.05047,1.9681,1
10,5,2,1.5708,1,-0.183003,-0.0181602,4.96956,1.98025,1
10.01,5,2.01,1.5708,1,0.0916345,-0.00483384,5.00184,2.07918,1
10.02,5,2.02,1.5708,1,0.172715,0.011242,5.05405,2.02639,1
10.03,5,2.03,1.5708,1,0.0655238,-0.00755851,5.02377,2.03883,1
10.04,5,2.04,1.5708,1,-0.0142866,0.0138464,5.03922,2.06567,1
10.05,5,2.05,1.5708,1,0.207134,-0.0163814,4.99437,2.08487,1
10.06,5,2.06,1.5708,1,0.152091,0.00420515,5.01527,2.06276,1
10.07,5,2.07,1.5708,1,0.00507447,-0.0014362,5.03125,2.04471,1
10.08,5,2.08,1.5708,1,-0.0147329,-8.74843e-05,5.02097,2.06973,1
10.09,5,2.09,1.5708,1,-0.0537571,0.010548,5.028,2.03717,1
10.1,5,2.1,1.5708,1,0.142194,-0.00309577,4.95982,2.09911,1
10.11,5,2.11,1.5708,1,-0.0698707,0.00198018,5.04637,2.14296,1
10.12,5,2.12,1.5708,1,0.0497581,0.00903233,4.9704,2.14554,1
10.13,5,2.13,1.5708,1,-0.100322,0.0218277,5.0229,2.08332,1
10.14,5,2.14,1.5708,1,-0.0536069,0.00361863,4.97216,2.16284,1
10.15,5,2.15,1.5708,1,0.00911999,0.00878092,5.02374,2.16365,1
10.16,5,2.16,1.5708,1,-0.0170475,-0.012654,5.00672,2.20233,1
10.17,5,2.17,1.5708,1,0.0837815,0.0243308,5.02532,2.19777,1
10.18,5,2.18,1.5708,1,0.0494211,0.0015133,4.99017,2.16354,1
10.19,5,2.19,1.5708,1,-0.0403397,-0.00540716,5.00512,2.17921,1
10.2,5,2.2,1.5708,1,0.106176,0.000789856,4.96744,2.19186,1
10.21,5,2.21,1.5708,1,0.0298889,0.00259846,4.96169,2.23846,1
10.22,5,2.22,1.5708,1,0.0706383,2.06891e-05,5.0106,2.21169,1
10.23,5,2.23,1.5708,1,-0.0697659,0.00905807,5.05077,2.23794,1
10.24,5,2.24,1.5708,1,0.0178143,0.00486004,5.00757,2.25344,1
10.25,5,2.25,1.5708,1,0.103823,-0.00117027,4.9874,2.24124,1
10.26,5,2.26,1.5708,1,-0.064851,0.00249023,5.02508,2.30361,1
10.27,5,2.27,1.5708,1,0.0319036,-0.0183933,4.96556,2.29284,1
10.28,5,2.28,1.5708,1,-0.00935853,-0.0173237,4.96914,2.25373,1
10.29,5,2.29,1.5708,1,0.178091,0.0172653,5.05021,2.2625,1
10.3,5,2.3,1.5708,1,0.0423295,-0.00551496,5.03678,2.27639,1
10.31,5,2.31,1.5708,1,0.0518448,-0.00794671,4.99513,2.29269,1
10.32,5,2.32,1.5708,1,0.0721787,0.00536212,5.00016,2.35236,1
10.33,5,2.33,1.5708,1,-0.0921909,0.0128125,4.97783,2.29142,1
10.34,5,2.34,1.5708,1,-0.0288479,0.0264705,5.02361,2.33367,1
10.35,5,2.35,1.5708,1,0.0723906,0.00350581,5.00311,2.3056,1
10.36,5,2.36,1.5708,1,-0.058915,0.00859292,5.00592,2.33682,1
10.37,5,2.37,1.5708,1,0.211237,0.00655273,4.95318,2.42462,1
10.38,5,2.38,1.5708,1,0.218312,0.0060512,5.02102,2.40199,1
10.39,5,2.39,1.5708,1,-0.0371881,0.0186243,5.00611,2.42939,1
10.4,5,2.4,1.5708,1,-0.14056,0.00894009,5.05082,2.37342,1
10.41,5,2.41,1.5708,1,-0.0513951,0.00500186,4.94815,2.40946,1
10.42,5,2.42,1.5708,1,-0.0132022,0.0117774,4.99161,2.37913,1
10.43,5,2.43,1.5708,1,0.0651467,0.0277694,5.01306,2.48016,1
10.44,5,2.44,1.5708,1,0.129516,-0.00264551,4.98624,2.43374,1
10.45,5,2.45,1.5708,1,-0.0642654,0.0110974,5.02624,2.46029,1
10.46,5,2.46,1.5708,1,0.111736,0.00299664,5.01055,2.47571,1
10.47,5,2.47,1.5708,1,-0.235795,0.00947521,5.03124,2.43517,1
10.48,5,2.48,1.5708,1,-0.0312716,0.015346,4.97028,2.45024,1
10.49,5,2.49,1.5708,1,0.131841,-0.0137632,4.95444,2.46261,1
10.5,5,2.5,1.5708,1,0.0436343,0.00642946,4.97306,2.47544,1
10.51,5,2.51,1.5708,1,-0.283538,0.00111662,4.98709,2.50016,1
10.52,5,2.52,1.5708,1,0.247545,-0.00629277,5.04199,2.531,1
10.53,5,2.53,1.5708,1,-0.00328019,0.0135096,4.96586,2.52175,1
10.54,5,2.54,1.5708,1,-0.105968,0.000286117,5.02184,2.5599,1
10.55,5,2.55,1.5708,1,0.062461,0.00557843,5.04739,2.53735,1
10.56,5,2.56,1.5708,1,-0.113888,0.00529854,4.97827,2.55827,1
10.57,5,2.57,1.5708,1,0.231336,0.0185815,5.07209,2.5831,1
10.58,5,2.58,1.5708,1,0.147662,0.00262119,5.00378,2.56353,1
10.59,5,2.59,1.5708,1,-0.097923,0.00471468,5.04533,2.52599,1
10.6,5,2.6,1.5708,1,0.142455,-0.00268807,4.94005,2.64296,1
10.61,5,2.61,1.5708,1,0.0371515,-0.0044896,4.97372,2.58427,1
10.62,5,2.62,1.5708,1,0.0645567,-0.0195736,5.01735,2.63573,1
10.63,5,2.63,1.5708,1,0.110976,0.00801023,4.97959,2.6304,1
10.64,5,2.64,1.5708,1,0.131986,0.00627933,5.02259,2.66464,1
10.65,5,2.65,1.5708,1,-0.027745,0.012766,5.0139,2.64435,1
10.66,5,2.66,1.5708,1,0.0352429,-0.00500431,5.01998,2.61071,1
10.67,5,2.67,1.5708,1,0.0157201,0.0190648,5.02845,2.65575,1
10.68,5,2.68,1.5708,1,0.112298,-0.000921738,4.94068,2.64454,1
10.69,5,2.69,1.5708,1,0.00879261,-0.00762135,4.95738,2.73244,1
10.7,5,2.7,1.5708,1,-0.0496276,0.00888444,5.01933,2.6731,1
10.71,5,2.71,1.5708,1,-0.0407653,-0.0048409,5.04854,2.69489,1
10.72,5,2.72,1.5708,1,-0.0135897,-0.0162836,4.9982,2.67991,1
10.73,5,2.73,1.5708,1,0.218068,-0.000332745,4.90605,2.77373,1
10.74,5,2.74,1.5708,1,-0.0937903,0.00158647,5.00559,2.73287,1
10.75,5,2.75,1.5708,1,0.0883166,0.00649766,5.03942,2.76933,1
10.76,5,2.76,1.5708,1,0.0892781,-0.00397606,5.0237,2.75278,1
10.77,5,2.77,1.5708,1,0.141115,-0.00398319,5.01095,2.83047,1
10.78,5,2.78,1.5708,1,0.205512,0.0088712,4.95578,2.75614,1
10.79,5,2.79,1.5708,1,0.0210365,0.024151,4.98148,2.78777,1
10.8,5,2.8,1.5708,1,-0.0770699,0.0132262,5.02856,2.87047,1
10.81,5,2.81,1.5708,1,0.0488269,-0.00497335,5.00957,2.80397,1
10.82,5,2.82,1.5708,1,0.0334389,0.0107716,4.95044,2.79934,1
10.83,5,2.83,1.5708,1,0.177589,-0.0048165,4.97186,2.82378,1
10.84,5,2.84,1.5708,1,0.101741,0.00621603,4.97488,2.82433,1
10.85,5,2.85,1.5708,1,0.0409428,-0.00617502,5.05413,2.85213,1
10.86,5,2.86,1.5708,1,0.106127,0.00121416,5.02976,2.84901,1
10.87,5,2.87,1.5708,1,-0.0855878,0.00698178,4.99365,2.89636,1
10.88,5,2.88,1.5708,1,-0.0526258,0.00871011,4.96754,2.92849,1
10.89,5,2.89,1.5708,1,-0.154778,-0.00965366,4.96564,2.91405,1
10.9,5,2.9,1.5708,1,-0.0185357,0.00545611,4.97391,2.93292,1
10.91,5,2.91,1.5708,1,-0.067238,0.00042247,5.02175,2.95331,1
10.92,5,2.92,1.5708,1,-0.0662997,0.0233584,4.98756,2.93931,1
10.93,5,2.93,1.5708,1,0.0280633,-0.00270354,5.01919,2.94852,1
10.94,5,2.94,1.5708,1,-0.0478843,0.0111525,4.94758,2.93256,1
10.95,5,2.95,1.5708,1,0.223282,-0.0151183,4.97116,2.88056,1
10.96,5,2.96,1.5708,1,-0.190788,-0.0038855,4.95822,2.94186,1
10.97,5,2.97,1.5708,1,-0.00952147,0.00256709,4.98255,2.92465,1
10.98,5,2.98,1.5708,1,0.0145629,-0.00210841,4.94572,2.98604,1
10.99,5,2.99,1.5708,1,-0.0502249,0.00166133,4.96687,2.95493,1
11,5,3,1.5708,1,-0.00653024,-0.0173723,5.0106,3.06202,1
11.01,5,3.01,1.5708,1,-0.0793277,0.00716106,4.97987,3.04065,1
11.02,5,3.02,1.5708,1,0.00264369,0.0179328,5.01228,3.06161,1
11.03,5,3.03,1.5708,1,0.00356766,-0.00534947,5.01595,3.00929,1
11.04,5,3.04,1.5708,1,0.165854,0.00407874,5.02584,3.06226,1
11.05,5,3.05,1.5708,1,-0.0505074,0.00357087,5.04362,3.09288,1
11.06,5,3.06,1.5708,1,-0.0152661,-0.00212682,4.96362,3.08172,1
11.07,5,3.07,1.5708,1,0.0347704,0.0292131,5.0344,3.04296,1
11.08,5,3.08,1.5708,1,-0.28056,0.00240937,5.0469,3.12192,1
11.09,5,3.09,1.5708,1,0.0579841,-0.000132284,4.98459,3.12186,1
11.1,5,3.1,1.5708,1,-0.0504055,0.023257,4.95078,3.0713,1
11.11,5,3.11,1.5708,1,-0.248441,-0.0172804,4.99124,3.102,1
11.12,5,3.12,1.5708,1,0.0389424,-0.00204823,5.02144,3.13783,1
11.13,5,3.13,1.5708,1,-0.0104005,-0.012716,5.02713,3.1028,1
11.14,5,3.14,1.5708,1,0.00110566,-0.0162303,5.04619,3.12911,1
11.15,5,3.15,1.5708,1,-0.0169511,0.00445632,5.0008,3.14199,1
11.16,5,3.16,1.5708,1,0.0599191,0.00300452,5.01863,3.14728,1
11.17,5,3.17,1.5708,1,0.0886063,-0.0166963,5.01818,3.1599,1
11.18,5,3.18,1.5708,1,-0.0754001,0.00775133,5.04848,3.20478,1
11.19,5,3.19,1.5708,1,-0.0364576,-0.00690231,5.03688,3.18338,1
11.2,5,3.2,1.5708,1,-0.131143,-0.00362218,5.02992,3.18356,1
11.21,5,3.21,1.5708,1,-0.0160051,0.00416869,4.99788,3.19157,1
11.22,5,3.22,1.5708,1,0.0345012,-0.00312139,5.04527,3.20825,1
11.23,5,3.23,1.5708,1,0.04164,0.00514257,4.94079,3.25042,1
11.24,5,3.24,1.5708,1,0.0320126,-0.00294574,5.02683,3.24594,1
11.25,5,3.25,1.5708,1,-0.130646,0.011786,5.04461,3.21681,1
11.26,5,3.26,1.5708,1,-0.00481793,0.0210575,4.96716,3.2508,1
11.27,5,3.27,1.5708,1,-0.0797955,0.00535294,5.02417,3.25821,1
11.28,5,3.28,1.5708,1,-0.117766,-0.00181573,5.0177,3.30284,1
11.29,5,3.29,1.5708,1,0.0298056,-0.00613447,4.95997,3.29689,1
11.3,5,3.3,1.5708,1,-0.0790477,-0.0160191,5.04588,3.33126,1
11.31,5,3.31,1.5708,1,0.0371384,-0.00250144,5.01665,3.28511,1
11.32,5,3.32,1.5708,1,0.0993267,-0.0098513,4.9629,3.30665,1
11.33,5,3.33,1.5708,1,0.0178445,0.0145828,5.00952,3.31066,1
11.34,5,3.34,1.5708,1,-0.159884,-0.00361787,4.97835,3.32475,1
11.35,5,3.35,1.5708,1,0.124423,0.0143106,5.04597,3.3503,1
11.36,5,3.36,1.5708,1,-0.136962,0.0110515,5.03907,3.33333,1
11.37,5,3.37,1.5708,1,0.0892709,0.00914603,4.96641,3.40208,1
11.38,5,3.38,1.5708,1,0.0575702,-0.0297246,5.01217,3.45864,1
11.39,5,3.39,1.5708,1,-0.186343,-0.00570884,4.94211,3.39479,1
11.4,5,3.4,1.5708,1,-0.0838558,-0.0028204,5.00817,3.37303,1
11.41,5,3.41,1.5708,1,-0.0866372,0.00736521,5.03896,3.48793,1
11.42,5,3.42,1.5708,1,-0.0517601,-0.00205954,5.03852,3.41171,1
11.43,5,3.43,1.5708,1,-0.0186181,0.0184407,5.01719,3.44366,1
11.44,5,3.44,1.5708,1,-0.0353082,0.00818153,4.99695,3.469,1
11.45,5,3.45,1.5708,1,-0.01999,-0.00165452,5.01038,3.48234,1
11.46,5,3.46,1.5708,1,0.0425437,0.00711328,4.96766,3.49072,1
11.47,5,3.47,1.5708,1,0.0128796,0.000401705,5.02388,3.48342,1
11.48,5,3.48,1.5708,1,0.0101711,0.00296263,5.00667,3.4671,1
11.49,5,3.49,1.5708,1,0.0509493,0.0114136,4.98396,3.46684,1
11.5,5,3.5,1.5708,1,0.119681,0.00343061,4.99656,3.51638,1
11.51,5,3.51,1.5708,1,0.0968599,-0.00340225,5.02137,3.47764,1
11.52,5,3.52,1.5708,1,-0.1216,0.00585528,4.99897,3.47372,1
11.53,5,3.53,1.5708,1,0.169218,0.00648377,4.97995,3.56246,1
11.54,5,3.54,1.5708,1,0.0766922,0.0122598,5.02193,3.52567,1
11.55,5,3.55,1.5708,1,0.117159,-0.000461443,4.99564,3.51503,1
11.56,5,3.56,1.5708,1,0.0553703,-0.00123885,4.98414,3.58527,1
11.57,5,3.57,1.5708,1,0.159271,-0.00165812,4.99853,3.58653,1
11.58,5,3.58,1.5708,1,0.00778749,0.0311885,5.003,3.61471,1
11.59,5,3.59,1.5708,1,-0.148485,0.00577002,5.03772,3.59864,1
11.6,5,3.6,1.5708,1,-0.125919,-0.00633374,4.95133,3.56691,1
11.61,5,3.61,1.5708,1,-0.0385561,0.00590532,5.00406,3.62497,1
11.62,5,3.62,1.5708,1,-0.135802,-0.00102315,4.99937,3.6428,1
11.63,5,3.63,1.5708,1,0.147887,-0.00475997,5.03571,3.66056,1
11.64,5,3.64,1.5708,1,0.0641026,-0.0016444,4.96743,3.70343,1
11.65,5,3.65,1.5708,1,-0.12689,-0.00260003,4.97306,3.68237,1
11.66,5,3.66,1.5708,1,0.0605645,0.000931324,5.00703,3.66689,1
11.67,5,3.67,1.5708,1,0.0470398,0.0160546,5.01922,3.65989,1
11.68,5,3.68,1.5708,1,0.0160791,-0.000120676,4.98107,3.68819,1
11.69,5,3.69,1.5708,1,-0.0997999,0.0185287,4.99144,3.6577,1
11.7,5,3.7,1.5708,1,0.00760833,-0.00212275,5.02835,3.7041,1
11.71,5,3.71,1.5708,1,0.0734774,0.0164639,4.99864,3.67867,1
11.72,5,3.72,1.5708,1,0.134691,0.00656513,4.98438,3.73551,1
11.73,5,3.73,1.5708,1,0.0242269,0.00165529,5.02231,3.74476,1
11.74,5,3.74,1.5708,1,-0.00566969,0.0038185,5.02283,3.7554,1
11.75,5,3.75,1.5708,1,-0.0476585,-0.00615455,5.02248,3.75065,1
11.76,5,3.76,1.5708,1,0.0295135,0.00202033,5.0089,3.72339,1
11.77,5,3.77,1.5708,1,-0.172812,0.00344286,5.0122,3.73661,1
11.78,5,3.78,1.5708,1,-0.0593457,0.00795431,5.00626,3.80905,1
11.79,5,3.79,1.5708,1,0.0954006,-0.00650936,5.05427,3.80682,1
11.8,5,3.8,1.5708,1,0.00346454,0.00146006,4.97957,3.74365,1
11.81,5,3.81,1.5708,1,-0.0743416,0.00783975,4.98498,3.81471,1
11.82,5,3.82,1.5708,1,0.0201127,-0.00603827,5.05059,3.80088,1
11.83,5,3.83,1.5708,1,-0.151695,-0.00790933,5.00528,3.86098,1
11.84,5,3.84,1.5708,1,-0.110802,0.00625735,4.97524,3.85177,1
11.85,5,3.85,1.5708,1,0.137666,0.000999374,5.00149,3.8799,1
11.86,5,3.86,1.5708,1,0.0181599,0.00796428,4.99116,3.86108,1
11.87,5,3.87,1.5708,1,0.0101219,0.00692791,5.01551,3.88312,1
11.88,5,3.88,1.5708,1,0.121294,0.00241833,5.01367,3.8735,1
11.89,5,3.89,1.5708,1,0.141664,0.0103205,5.02176,3.88685,1
11.9,5,3.9,1.5708,1,-0.131951,0.0123465,4.97684,3.85239,1
11.91,5,3.91,1.5708,1,-0.0905545,0.0194954,5.0197,3.9147,1
11.92,5,3.92,1.5708,1,0.048587,0.0119289,4.9822,3.8958,1
11.93,5,3.93,1.5708,1,-0.116332,0.0150326,5.00127,3.88042,1
11.94,5,3.94,1.5708,1,0.185076,-0.00960493,4.91542,3.90071,1
11.95,5,3.95,1.5708,1,0.155751,0.0156375,5.00573,3.93121,1
11.96,5,3.96,1.5708,1,0.0519281,0.0209471,4.9922,3.92097,1
11.97,5,3.97,1.5708,1,0.0242311,0.00103912,5.00098,3.95389,1
11.98,5,3.98,1.5708,1,-0.242813,-0.00457172,5.02359,3.95297,1
11.99,5,3.99,1.5708,1,-0.0416998,0.00911342,4.96166,4.01236,1
12,5,4,1.5708,1,0.0247456,-0.00720501,5.05184,3.97042,1
12.01,5,4.01,1.5708,1,-0.184289,0.0179823,4.96547,3.99635,1
12.02,5,4.02,1.5708,1,0.0829099,-0.0124266,5.02182,4.04422,1
12.03,5,4.03,1.5708,1,-0.141872,-1.29599e-06,4.95918,3.97588,1
12.04,5,4.04,1.5708,1,0.284534,0.00893262,5.05257,4.03868,1
12.05,5,4.05,1.5708,1,0.273508,-0.00342465,4.9835,4.0739,1
12.06,5,4.06,1.5708,1,0.101441,0.00297737,4.99855,4.06692,1
12.07,5,4.07,1.5708,1,0.112359,-0.0035401,4.99601,4.11837,1
12.08,5,4.08,1.5708,1,0.0931889,-0.00277414,5.03609,4.10627,1
12.09,5,4.09,1.5708,1,0.142109,0.00868039,4.96024,4.01211,1
12.1,5,4.1,1.5708,1,0.0483482,0.0025779,4.9985,4.09622,1
12.11,5,4.11,1.5708,1,0.0324736,-0.00520244,4.9728,4.14529,1
12.12,5,4.12,1.5708,1,0.200511,0.0113919,4.98635,4.10883,1
12.13,5,4.13,1.5708,1,0.104569,0.0100072,5.0239,4.10676,1
12.14,5,4.14,1.5708,1,0.0907421,0.0192677,4.99397,4.1296,1
12.15,5,4.15,1.5708,1,-0.0265619,0.00274193,5.02493,4.13122,1
12.16,5,4.16,1.5708,1,-0.182724,-0.00182591,4.93927,4.1541,1
12.17,5,4.17,1.5708,1,-0.085562,0.00728846,5.01707,4.17772,1
12.18,5,4.18,1.5708,1,0.0148742,0.00766974,4.97359,4.14941,1
12.19,5,4.19,1.5708,1,-0.0982482,-0.00937411,4.98054,4.18576,1
12.2,5,4.2,1.5708,1,0.0960109,0.00834519,5.01608,4.12645,1
12.21,5,4.21,1.5708,1,-0.0604486,0.0120428,4.97363,4.23001,1
12.22,5,4.22,1.5708,1,-0.113539,0.0261071,4.97578,4.24073,1
12.23,5,4.23,1.5708,1,0.0352516,0.00640609,5.01241,4.24572,1
12.24,5,4.24,1.5708,1,-0.0646023,0.00409863,5.02053,4.238,1
12.25,5,4.25,1.5708,1,-0.0197679,-0.0138036,4.98489,4.30228,1
12.26,5,4.26,1.5708,1,0.0273357,0.0103707,4.98083,4.29706,1
12.27,5,4.27,1.5708,1,0.0884028,-0.000601902,4.99463,4.23952,1
12.28,5,4.28,1.5708,1,0.0707734,-0.00203048,4.98004,4.25761,1
12.29,5,4.29,1.5708,1,-0.0165176,-0.00177296,5.0132,4.23794,1
12.3,5,4.3,1.5708,1,0.127643,-0.00258209,5.01484,4.30902,1
12.31,5,4.31,1.5708,1,0.116797,0.000658257,4.9777,4.28685,1
12.32,5,4.32,1.5708,1,-0.103763,0.00507419,5.0177,4.3123,1
12.33,5,4.33,1.5708,1,-0.0251763,-0.00151223,5.01796,4.35099,1
12.34,5,4.34,1.5708,1,-0.127857,1.0363e-05,5.04434,4.3704,1
12.35,5,4.35,1.5708,1,0.0051375,-0.000633719,5.03579,4.32483,1
12.36,5,4.36,1.5708,1,0.139516,0.00738116,4.97752,4.35072,1
12.37,5,4.37,1.5708,1,0.0103483,-0.00206595,5.05277,4.42793,1
12.38,5,4.38,1.5708,1,-0.0306775,-0.00474058,5.04607,4.40792,1
12.39,5,4.39,1.5708,1,-0.165213,-0.0122535,5.00173,4.37432,1
12.4,5,4.4,1.5708,1,0.111305,-0.0039517,4.96083,4.37968,1
12.41,5,4.41,1.5708,1,0.008484,0.0219247,5.02204,4.46442,1
12.42,5,4.42,1.5708,1,0.0317902,0.00402677,4.99632,4.42287,1
12.43,5,4.43,1.5708,1,0.0799863,-0.0091466,4.98939,4.42124,1
12.44,5,4.44,1.5708,1,0.00694666,0.00534283,4.98169,4.40728,1
12.45,5,4.45,1.5708,1,-0.0248138,-0.00170272,5.03737,4.42836,1
12.46,5,4.46,1.5708,1,0.189922,0.00937966,4.99337,4.43248,1
12.47,5,4.47,1.5708,1,0.00268296,0.0094912,5.00621,4.47749,1
12.48,5,4.48,1.5708,1,-0.0736458,0.000182495,5.00928,4.4849,1
12.49,5,4.49,1.5708,1,-0.0698103,-0.00925686,5.00885,4.45405,1
12.5,5,4.5,1.5708,1,-0.0649149,-0.000498039,4.9518,4.48882,1
12.51,5,4.51,1.5708,1,-0.0257684,0.0196771,4.96814,4.55192,1
12.52,5,4.52,1.5708,1,0.137638,-0.00219009,5.01893,4.54654,1
12.53,5,4.53,1.5708,1,-0.0150212,0.000611594,4.96763,4.51075,1
12.54,5,4.54,1.5708,1,0.0938116,-0.0141156,4.98611,4.61327,1
12.55,5,4.55,1.5708,1,-0.0968419,0.00717518,4.96453,4.56203,1
12.56,5,4.56,1.5708,1,-0.0293018,0.00549683,5.00853,4.57998,1
12.57,5,4.57,1.5708,1,0.148529,-0.000338064,5.00139,4.54286,1
12.58,5,4.58,1.5708,1,0.011207,0.00420927,5.05765,4.4934,1
12.59,5,4.59,1.5708,1,0.150603,0.00759379,5.01499,4.6278,1
12.6,5,4.6,1.5708,1,-0.0483448,-0.00762693,5.05383,4.61107,1
12.61,5,4.61,1.5708,1,0.0564117,0.0205804,4.99168,4.57233,1
12.62,5,4.62,1.5708,1,-0.150219,-0.00465313,4.98522,4.59038,1
12.63,5,4.63,1.5708,1,0.0686957,0.00672544,4.99574,4.60311,1
12.64,5,4.64,1.5708,1,-0.0377688,0.0130248,4.99779,4.66932,1
12.65,5,4.65,1.5708,1,0.106057,0.0162273,4.97872,4.64751,1
12.66,5,4.66,1.5708,1,0.0911304,0.02586,4.94453,4.65161,1
12.67,5,4.67,1.5708,1,-0.0355674,-0.00693937,5.02573,4.61802,1
12.68,5,4.68,1.5708,1,-0.0934631,0.0131076,5.01791,4.67884,1
12.69,5,4.69,1.5708,1,0.0234896,-0.00399421,4.9597,4.66448,1
12.7,5,4.7,1.5708,1,0.0967701,-0.00148623,4.98766,4.72974,1
12.71,5,4.71,1.5708,1,-0.0593759,0.0018056,5.00013,4.70726,1
12.72,5,4.72,1.5708,1,-0.0802001,-0.00188583,4.97938,4.76166,1
12.73,5,4.73,1.5708,1,-0.00276037,0.0114931,4.97878,4.75595,1
12.74,5,4.74,1.5708,1,-0.116115,-0.000482957,5.03669,4.71322,1
12.75,5,4.75,1.5708,1,-0.153482,0.00590223,4.95369,4.76702,1
12.76,5,4.76,1.5708,1,0.0398651,0.0107624,5.01129,4.76623,1
12.77,5,4.77,1.5708,1,0.0576108,-0.00108209,5.01964,4.74605,1
12.78,5,4.78,1.5708,1,0.231989,0.00807745,5.02727,4.73318,1
12.79,5,4.79,1.5708,1,0.165312,0.00426128,4.98974,4.75731,1
12.8,5,4.8,1.5708,1,-0.161302,-0.00462813,5.00269,4.80202,1
12.81,5,4.81,1.5708,1,-0.0955784,0.000722145,5.06389,4.84181,1
12.82,5,4.82,1.5708,1,0.114674,0.00974224,4.99075,4.79463,1
12.83,5,4.83,1.5708,1,-0.0140773,-0.00796028,4.9483,4.82637,1
12.84,5,4.84,1.5708,1,0.157559,0.00250433,4.97749,4.84926,1
12.85,5,4.85,1.5708,1,-0.221696,0.00953152,5.01039,4.8527,1
12.86,5,4.86,1.5708,1,0.165135,-0.0154331,4.99073,4.85003,1
12.87,5,4.87,1.5708,1,-0.00818201,0.00500326,5.00834,4.9016,1
12.88,5,4.88,1.5708,1,0.0593142,0.00685227,4.99652,4.89121,1
12.89,5,4.89,1.5708,1,-0.120056,-0.00614407,5.02453,4.85368,1
12.9,5,4.9,1.5708,1,0.11908,0.00951541,4.9864,4.8933,1
12.91,5,4.91,1.5708,1,-0.112986,0.000827299,4.98086,4.8837,1
12.92,5,4.92,1.5708,1,-0.0810899,-0.00409537,4.98557,4.8937,1
12.93,5,4.93,1.5708,1,0.0818433,0.00913004,4.94275,4.94141,1
12.94,5,4.94,1.5708,1,0.182068,0.0137274,4.99451,4.92212,1
12.95,5,4.95,1.5708,1,0.0254545,0.00357338,5.06909,4.9435,1
12.96,5,4.96,1.5708,1,-0.0220228,-0.00754821,4.97568,4.9057,1
12.97,5,4.97,1.5708,1,0.0417196,0.002257,5.00215,5.01857,1
12.98,5,4.98,1.5708,1,0.044339,0.0142291,5.01316,4.99467,1
12.99,5,4.99,1.5708,1,-0.100907,-0.0220304,5.01192,4.98215,1
13,5,5,1.5708,1,0.0402243,0.016113,5.00022,5.02007,1
