t,true_x,true_y,true_yaw,gps_x,gps_y,est_x,est_y,est_yaw
0.01,0.01,0,0,-0.0503289,-0.0147841,0.00499544,7.54952e-15,-1.10463e-05
0.02,0.02,0,0,0.0206667,-0.0128338,0.00999083,-5.51805e-08,-2.65587e-05
0.03,0.03,0,0,0.0342739,-0.00103957,0.0149868,-1.87868e-07,-0.000103035
0.04,0.04,0,0,-0.0208016,0.0335827,0.0199798,-7.02316e-07,8.84594e-05
0.05,0.05,0,0,0.0384058,-0.0347631,0.024978,-2.60176e-07,0.000124887
0.06,0.06,0,0,0.046156,0.00199972,0.029969,3.63133e-07,8.7987e-05
0.07,0.07,0,0,0.0427844,0.0356588,0.0349631,8.02549e-07,7.04365e-05
0.08,0.08,0,0,0.0938245,0.0025777,0.0399582,1.15439e-06,0.000236882
0.09,0.09,0,0,0.0886939,-0.00825903,0.0449487,2.33654e-06,0.00018854
0.1,0.1,0,0,0.120953,0.00520806,0.12089,0.00520343,0.000772292
0.11,0.11,0,0,0.102628,-0.02309,0.125968,0.00520735,0.000891204
0.12,0.12,0,0,0.0586673,0.0320844,0.131038,0.00521187,0.000958668
0.13,0.13,0,0,0.0885785,-0.00842419,0.136104,0.00521673,0.00099641
0.14,0.14,0,0,0.14893,-0.0308435,0.141179,0.00522178,0.00105989
0.15,0.15,0,0,0.171149,0.0108277,0.146254,0.00522716,0.00112631
0.16,0.16,0,0,0.147557,-0.0419622,0.151328,0.00523288,0.00103727
0.17,0.17,0,0,0.162254,0.0138287,0.156399,0.00523814,0.000958358
0.18,0.18,0,0,0.238353,-0.00460009,0.161471,0.005243,0.000839643
0.19,0.19,0,0,0.127252,0.0379122,0.16654,0.00524725,0.000788072
0.2,0.2,0,0,0.17725,0.0137225,0.176866,0.0131292,0.0664653
0.21,0.21,0,0,0.253005,0.0319738,0.186197,0.0137502,0.0664469
0.22,0.22,0,0,0.21357,-0.0206758,0.195545,0.0143723,0.0665773
0.23,0.23,0,0,0.266542,-0.0116837,0.204896,0.0149958,0.0665817
0.24,0.24,0,0,0.227506,0.0257251,0.214263,0.0156204,0.0665967
0.25,0.25,0,0,0.26284,-0.074091,0.223624,0.0162447,0.0667124
0.26,0.26,0,0,0.31617,0.0118912,0.232976,0.0168695,0.0667871
0.27,0.27,0,0,0.271885,0.0150479,0.242327,0.017495,0.0668313
0.28,0.28,0,0,0.283261,0.00317291,0.251686,0.0181214,0.0667314
0.29,0.29,0,0,0.234506,0.0350589,0.26105,0.0187472,0.066848
0.3,0.3,0,0,0.299854,-0.0114997,0.295828,-0.00728771,-0.079244
0.31,0.31,0,0,0.322544,-0.0565958,0.307139,-0.00818707,-0.079144
0.32,0.32,0,0,0.319657,0.0124006,0.318454,-0.00908562,-0.0792895
0.33,0.33,0,0,0.355504,0.0118302,0.32978,-0.00998672,-0.0794187
0.34,0.34,0,0,0.286502,-0.00729403,0.34112,-0.0108903,-0.0793754
0.35,0.35,0,0,0.413567,0.0463961,0.352457,-0.0117933,-0.0793371
0.36,0.36,0,0,0.319758,-0.0486508,0.363792,-0.0126956,-0.0795085
0.37,0.37,0,0,0.396485,-0.0134791,0.375118,-0.0135992,-0.0796063
0.38,0.38,0,0,0.333457,-0.0153148,0.386425,-0.0145023,-0.0795553
0.39,0.39,0,0,0.343183,0.0600104,0.397726,-0.0154044,-0.0795637
0.4,0.4,0,0,0.410633,-0.0564094,0.410288,-0.0488908,-0.195606
0.41,0.41,0,0,0.398764,-0.0387365,0.421751,-0.0511629,-0.195616
0.42,0.42,0,0,0.394274,0.0252002,0.433199,-0.0534323,-0.19581
0.43,0.43,0,0,0.435516,0.0173369,0.444631,-0.0557009,-0.195839
0.44,0.44,0,0,0.442597,-0.0177865,0.456079,-0.0579727,-0.19588
0.45,0.45,0,0,0.433522,0.0329039,0.467522,-0.0602442,-0.195936
0.46,0.46,0,0,0.555611,0.00252491,0.478961,-0.0625157,-0.195879
0.47,0.47,0,0,0.488235,0.0309754,0.490403,-0.0647869,-0.195781
0.48,0.48,0,0,0.514111,0.0134067,0.501849,-0.0670579,-0.195728
0.49,0.49,0,0,0.477445,-0.00334256,0.513286,-0.0693263,-0.195791
0.5,0.5,0,0,0.466251,0.0384576,0.480501,0.0127794,0.00828145
0.51,0.51,0,0,0.523459,-0.00236195,0.490614,0.0128626,0.00842012
0.52,0.52,0,0,0.501543,0.011484,0.500743,0.0129473,0.00859634
0.53,0.53,0,0,0.552934,-0.0333349,0.510874,0.0130338,0.00870933
0.54,0.54,0,0,0.466302,-0.00229596,0.521009,0.0131215,0.00849059
0.55,0.55,0,0,0.553107,0.00802908,0.531139,0.013207,0.00859537
0.56,0.56,0,0,0.549722,0.00747944,0.541278,0.0132935,0.0088127
0.57,0.57,0,0,0.571667,0.00180698,0.551425,0.0133824,0.008867
0.58,0.58,0,0,0.581331,-0.0352838,0.561579,0.0134719,0.00884794
0.59,0.59,0,0,0.537701,0.0320843,0.571734,0.0135612,0.00883206
0.6,0.6,0,0,0.576248,-0.0351593,0.577769,-0.0217201,-0.0634135
0.61,0.61,0,0,0.635558,0.0230502,0.587909,-0.0223646,-0.0636007
0.62,0.62,0,0,0.603522,-0.0737758,0.598036,-0.0230102,-0.0635196
0.63,0.63,0,0,0.631368,0.0116754,0.608175,-0.0236558,-0.063544
0.64,0.64,0,0,0.618946,-0.0290133,0.618321,-0.024302,-0.0636466
0.65,0.65,0,0,0.640755,-0.0221229,0.628464,-0.0249491,-0.0637033
0.66,0.66,0,0,0.636053,-0.0401353,0.638592,-0.0255958,-0.0637568
0.67,0.67,0,0,0.650611,-0.0121066,0.648736,-0.026244,-0.0639054
0.68,0.68,0,0,0.670708,-0.0350945,0.658879,-0.0268938,-0.0638028
0.69,0.69,0,0,0.69776,0.0369754,0.669015,-0.027542,-0.0636587
0.7,0.7,0,0,0.704993,0.0242267,0.697594,0.00883216,0.00120437
0.71,0.71,0,0,0.690304,-0.0233724,0.708089,0.00884433,0.00114144
0.72,0.72,0,0,0.719951,-0.012781,0.718586,0.00885584,0.001191
0.73,0.73,0,0,0.742411,0.0402627,0.729091,0.00886788,0.0011341
0.74,0.74,0,0,0.746093,0.00148718,0.739601,0.00887933,0.00125475
0.75,0.75,0,0,0.760805,0.051558,0.7501,0.00889203,0.00126704
0.76,0.76,0,0,0.789059,0.019372,0.760601,0.00890487,0.0010792
0.77,0.77,0,0,0.735558,-0.0180677,0.771101,0.00891573,0.00103146
0.78,0.78,0,0,0.727076,0.0449967,0.781579,0.00892606,0.00123599
0.79,0.79,0,0,0.791311,0.0322105,0.792048,0.00893853,0.00140524
0.8,0.8,0,0,0.761591,-0.0390481,0.773761,-0.0245627,-0.0502754
0.81,0.81,0,0,0.773445,-0.0348098,0.783744,-0.0250654,-0.0502224
0.82,0.82,0,0,0.808628,-0.0317874,0.793728,-0.0255675,-0.0500242
0.83,0.83,0,0,0.828944,0.00169676,0.80371,-0.0260676,-0.0499925
0.84,0.84,0,0,0.866005,0.0141311,0.813689,-0.0265672,-0.0499781
0.85,0.85,0,0,0.826867,0.0172852,0.823657,-0.0270662,-0.0499982
0.86,0.86,0,0,0.838923,-0.0357978,0.833625,-0.0275653,-0.050083
0.87,0.87,0,0,0.916884,0.0166692,0.843589,-0.028065,-0.0498633
0.88,0.88,0,0,0.901344,-0.00868134,0.853532,-0.0285615,-0.0497528
0.89,0.89,0,0,0.871487,-0.0377653,0.863453,-0.0290559,-0.0497505
0.9,0.9,0,0,0.899736,0.0135423,0.891675,0.000131267,-0.00868329
0.91,0.91,0,0,0.947259,-0.00257289,0.901879,4.24363e-05,-0.00850007
0.92,0.92,0,0,0.949625,0.0229261,0.912084,-4.45325e-05,-0.00832363
0.93,0.93,0,0,0.878113,0.0372514,0.922285,-0.000129674,-0.00827127
0.94,0.94,0,0,0.922523,0.00782719,0.932472,-0.000214157,-0.00824558
0.95,0.95,0,0,0.933208,0.0451508,0.94267,-0.000298475,-0.00819743
0.96,0.96,0,0,0.975958,0.0208905,0.952869,-0.000382308,-0.00816165
0.97,0.97,0,0,0.992271,0.0073037,0.963061,-0.00046572,-0.00822879
0.98,0.98,0,0,0.996576,0.00886651,0.973248,-0.000549768,-0.00803886
0.99,0.99,0,0,0.953685,-0.0484023,0.983453,-0.000632033,-0.00819538
1,1,0,0,0.943979,-0.0229437,0.959439,-0.0159345,-0.0282163
1.01,1.01,0,0,1.03484,0.0302968,0.969205,-0.0162103,-0.0282169
1.02,1.02,0,0,1.06926,-0.00116437,0.978976,-0.0164862,-0.0283049
1.03,1.03,0,0,1.03165,0.0751707,0.988739,-0.0167628,-0.0285225
1.04,1.04,0,0,1.04082,-0.00405301,0.998515,-0.0170419,-0.0285649
1.05,1.05,0,0,1.04664,0.0097927,1.0083,-0.0173217,-0.0285235
1.06,1.06,0,0,1.05193,-0.0131959,1.0181,-0.0176013,-0.0286696
1.07,1.07,0,0,1.0511,-0.00550407,1.0279,-0.0178826,-0.0285967
1.08,1.08,0,0,1.0658,0.0285565,1.0377,-0.0181631,-0.0286345
1.09,1.09,0,0,1.0661,0.0198233,1.04748,-0.0184435,-0.0284885
1.1,1.1,0,0,1.05333,-0.0835391,1.05458,-0.0627787,-0.0798196
1.11,1.11,0,0,1.14116,-0.0209465,1.06433,-0.0635584,-0.0799661
1.12,1.12,0,0,1.11889,0.0128834,1.07407,-0.0643395,-0.0801088
1.13,1.13,0,0,1.09819,-0.0335384,1.08381,-0.0651209,-0.0800879
1.14,1.14,0,0,1.20769,-0.0172076,1.09353,-0.0659016,-0.079971
1.15,1.15,0,0,1.15704,0.0545406,1.10324,-0.0666797,-0.0798972
1.16,1.16,0,0,1.15104,-0.0214743,1.11296,-0.0674583,-0.0798925
1.17,1.17,0,0,1.21245,0.00375138,1.12269,-0.0682372,-0.0799157
1.18,1.18,0,0,1.18077,-0.0423255,1.1324,-0.0690149,-0.0798743
1.19,1.19,0,0,1.2415,0.013229,1.14212,-0.0697929,-0.0798487
1.2,1.2,0,0,1.1819,-0.00771367,1.1723,-0.0280438,-0.0318105
1.21,1.21,0,0,1.22582,0.00785813,1.18226,-0.0283609,-0.031714
1.22,1.22,0,0,1.25556,-0.0201012,1.19221,-0.0286768,-0.0315945
1.23,1.23,0,0,1.23853,0.00115655,1.20217,-0.0289914,-0.0315585
1.24,1.24,0,0,1.26609,0.0317137,1.21214,-0.0293064,-0.0318267
1.25,1.25,0,0,1.28309,0.0345428,1.2221,-0.0296236,-0.0316316
1.26,1.26,0,0,1.25554,-0.0203773,1.23206,-0.0299389,-0.0314847
1.27,1.27,0,0,1.2428,0.0253333,1.24201,-0.0302524,-0.0315647
1.28,1.28,0,0,1.32212,-0.0148652,1.25197,-0.030567,-0.0315257
1.29,1.29,0,0,1.31473,-0.00373841,1.26193,-0.0308812,-0.0315356
1.3,1.3,0,0,1.24736,-0.00371682,1.25524,-0.0126205,-0.0123108
1.31,1.31,0,0,1.2956,0.0689541,1.26501,-0.0127409,-0.0122736
1.32,1.32,0,0,1.29166,0.0690874,1.2748,-0.0128611,-0.0123314
1.33,1.33,0,0,1.35075,0.0385845,1.28459,-0.0129819,-0.0121248
1.34,1.34,0,0,1.34801,0.0220336,1.29438,-0.0131007,-0.0121107
1.35,1.35,0,0,1.31247,0.0781793,1.30416,-0.0132192,-0.012086
1.36,1.36,0,0,1.35412,-0.0289142,1.31394,-0.0133375,-0.0120118
1.37,1.37,0,0,1.43573,0.010202,1.32371,-0.0134549,-0.0120646
1.38,1.38,0,0,1.38239,0.0303995,1.33347,-0.0135728,-0.0117755
1.39,1.39,0,0,1.45127,0.0145553,1.34325,-0.0136879,-0.0117301
1.4,1.4,0,0,1.36718,-0.0711485,1.36261,-0.0524492,-0.0514299
1.41,1.41,0,0,1.38967,-0.0456373,1.37253,-0.0529596,-0.0514808
1.42,1.42,0,0,1.41973,-0.00404019,1.38246,-0.0534713,-0.0514504
1.43,1.43,0,0,1.4438,-0.00749194,1.39239,-0.053983,-0.051276
1.44,1.44,0,0,1.46495,0.00622838,1.40233,-0.0544931,-0.0514165
1.45,1.45,0,0,1.44615,-0.0150342,1.41226,-0.0550043,-0.0513447
1.46,1.46,0,0,1.53505,0.0140886,1.42218,-0.055514,-0.0512749
1.47,1.47,0,0,1.53707,-0.0199782,1.43208,-0.056022,-0.0509454
1.48,1.48,0,0,1.47793,-0.00562736,1.44197,-0.0565266,-0.0511096
1.49,1.49,0,0,1.49137,-0.0189298,1.45185,-0.0570322,-0.0511828
1.5,1.5,0,0,1.53311,0.00397698,1.50994,-0.0161231,-0.00712346
1.51,1.51,0,0,1.50201,-0.00805908,1.52034,-0.0161972,-0.00705487
1.52,1.52,0,0,1.55121,-0.0028426,1.53072,-0.0162706,-0.00698227
1.53,1.53,0,0,1.54958,-0.0567764,1.5411,-0.0163431,-0.00688303
1.54,1.54,0,0,1.53861,-0.00989744,1.55148,-0.0164145,-0.00693794
1.55,1.55,0,0,1.53333,0.0147538,1.56185,-0.0164865,-0.00699508
1.56,1.56,0,0,1.5424,0.0573241,1.57222,-0.0165591,-0.00679777
1.57,1.57,0,0,1.55653,0.0338026,1.58259,-0.0166296,-0.00680026
1.58,1.58,0,0,1.61896,0.0032304,1.59295,-0.0167002,-0.00678997
1.59,1.59,0,0,1.60293,0.00729923,1.60331,-0.0167705,-0.00670225
1.6,1.6,0,0,1.62826,0.0258029,1.6235,0.0119281,0.0225894
1.61,1.61,0,0,1.68547,-0.0496924,1.63395,0.0121641,0.0227774
1.62,1.62,0,0,1.63542,-0.00770431,1.64441,0.0124024,0.0225446
1.63,1.63,0,0,1.61278,-0.0139317,1.65487,0.0126383,0.0224035
1.64,1.64,0,0,1.69888,-0.0115518,1.66532,0.0128724,0.0226181
1.65,1.65,0,0,1.65774,0.0140735,1.67577,0.0131089,0.0227635
1.66,1.66,0,0,1.65958,-0.0114955,1.68623,0.0133468,0.0226908
1.67,1.67,0,0,1.65587,0.0322537,1.69668,0.013584,0.02263
1.68,1.68,0,0,1.73105,0.0414943,1.70713,0.0138206,0.0226595
1.69,1.69,0,0,1.67994,0.0724018,1.7176,0.0140577,0.0227326
1.7,1.7,0,0,1.68261,-0.000723146,1.69747,0.00416247,0.012905
1.71,1.71,0,0,1.70105,0.0649097,1.70765,0.00429385,0.0130797
1.72,1.72,0,0,1.71442,0.031283,1.71785,0.0044272,0.0130782
1.73,1.73,0,0,1.68891,-0.0142252,1.72803,0.00456039,0.0130938
1.74,1.74,0,0,1.73725,0.0150837,1.73821,0.00469367,0.0131456
1.75,1.75,0,0,1.84315,0.0104221,1.7484,0.00482756,0.01324
1.76,1.76,0,0,1.80529,0.0492151,1.75858,0.00496237,0.0132207
1.77,1.77,0,0,1.80739,-0.00380435,1.76875,0.00509679,0.013085
1.78,1.78,0,0,1.73843,0.0433293,1.77893,0.00523002,0.0129494
1.79,1.79,0,0,1.784,-0.0254257,1.78911,0.00536183,0.0128946
1.8,1.8,0,0,1.76025,0.0321916,1.77304,0.0234653,0.0307894
1.81,1.81,0,0,1.76145,0.0463801,1.78295,0.0237707,0.0308003
1.82,1.82,0,0,1.80226,-0.0585656,1.79286,0.0240761,0.0309194
1.83,1.83,0,0,1.7911,-0.0453779,1.8028,0.0243833,0.0308135
1.84,1.84,0,0,1.82597,0.0537343,1.81274,0.0246898,0.0308524
1.85,1.85,0,0,1.81288,0.0188775,1.82268,0.0249965,0.0308791
1.86,1.86,0,0,1.91915,-0.00639406,1.8326,0.0253031,0.0310621
1.87,1.87,0,0,1.88284,-0.0626367,1.84253,0.0256115,0.0309165
1.88,1.88,0,0,1.86625,-0.0178151,1.85246,0.0259185,0.0308578
1.89,1.89,0,0,1.9012,0.0152105,1.86239,0.0262251,0.0308284
1.9,1.9,0,0,1.92518,0.0544612,1.90783,0.0452787,0.0478692
1.91,1.91,0,0,1.89996,0.00618573,1.91809,0.0457702,0.0479838
1.92,1.92,0,0,1.91665,0.0230344,1.92836,0.0462634,0.0480745
1.93,1.93,0,0,1.88978,0.034933,1.93862,0.0467566,0.0480054
1.94,1.94,0,0,2.00637,0.0333596,1.94885,0.0472481,0.048135
1.95,1.95,0,0,1.96353,-0.0314702,1.95907,0.0477409,0.048136
1.96,1.96,0,0,1.96269,-0.0354418,1.96931,0.0482338,0.0481677
1.97,1.97,0,0,1.99565,0.0293823,1.97955,0.0487274,0.0479733
1.98,1.98,0,0,1.9444,0.045922,1.98979,0.0492193,0.0479816
1.99,1.99,0,0,2.00385,0.0704114,2.00003,0.049711,0.0479618
2,2,0,0,2.00763,-0.0143824,2.00851,0.00681747,0.00697408
2.01,2.01,0,0,1.99379,0.0154062,2.01875,0.0068889,0.00712853
2.02,2.02,0,0,2.00615,0.03457,2.02899,0.00696185,0.00713585
2.03,2.03,0,0,2.04738,0.0348205,2.03924,0.00703503,0.00719958
2.04,2.04,0,0,1.99145,0.0112522,2.0495,0.00710887,0.00724746
2.05,2.05,0,0,2.0676,0.0204302,2.05976,0.00718321,0.00735712
2.06,2.06,0,0,2.05759,0.0327981,2.07001,0.00725862,0.00731781
2.07,2.07,0,0,2.08676,-0.0356984,2.08025,0.00733354,0.00726325
2.08,2.08,0,0,2.06147,0.0568948,2.09049,0.00740793,0.00712639
2.09,2.09,0,0,2.11044,-0.00820393,2.10074,0.00748093,0.00726447
2.1,2.1,0,0,2.04938,-0.0375937,2.06966,-0.0227686,-0.0204538
2.11,2.11,0,0,2.09437,0.00616286,2.07953,-0.0229705,-0.0204583
2.12,2.12,0,0,2.1126,-0.0461411,2.08942,-0.0231729,-0.0203534
2.13,2.13,0,0,2.15605,-0.0538809,2.0993,-0.0233741,-0.0203256
2.14,2.14,0,0,2.17747,-0.00900282,2.10918,-0.0235749,-0.0204273
2.15,2.15,0,0,2.17596,0.0229229,2.11905,-0.0237765,-0.020438
2.16,2.16,0,0,2.17276,0.0100697,2.12891,-0.0239782,-0.0204612
2.17,2.17,0,0,2.1353,-0.0461354,2.13877,-0.0241799,-0.0204831
2.18,2.18,0,0,2.1858,-0.0028882,2.14864,-0.0243821,-0.0204611
2.19,2.19,0,0,2.11455,0.000846078,2.15849,-0.0245836,-0.0203197
2.2,2.2,0,0,2.17891,0.013019,2.17543,0.000539438,0.00325557
2.21,2.21,0,0,2.21262,0.0164007,2.18534,0.000571712,0.00322091
2.22,2.22,0,0,2.1893,0.00905168,2.19523,0.000603573,0.00321952
2.23,2.23,0,0,2.22818,-0.0315508,2.20513,0.00063543,0.00333961
2.24,2.24,0,0,2.26177,-0.0137687,2.21503,0.000668477,0.00326301
2.25,2.25,0,0,2.23312,-0.0180475,2.22493,0.000700796,0.00308306
2.26,2.26,0,0,2.22308,-0.00781021,2.23482,0.00073128,0.00319277
2.27,2.27,0,0,2.23177,0.0187823,2.24472,0.000762872,0.00336585
2.28,2.28,0,0,2.29412,0.0219034,2.25462,0.000796186,0.00328331
2.29,2.29,0,0,2.23168,0.0809914,2.2645,0.000828634,0.00343942
2.3,2.3,0,0,2.31161,0.0410297,2.29933,0.0277493,0.0279247
2.31,2.31,0,0,2.32249,0.0322855,2.30943,0.0280313,0.028049
2.32,2.32,0,0,2.26772,-0.00014886,2.31953,0.0283147,0.0279388
2.33,2.33,0,0,2.36036,0.00963157,2.32964,0.0285972,0.0280132
2.34,2.34,0,0,2.34976,-0.00500172,2.33975,0.0288805,0.0280508
2.35,2.35,0,0,2.32154,-0.0648554,2.34986,0.0291641,0.0282023
2.36,2.36,0,0,2.34187,-0.00227452,2.35997,0.0294495,0.0282093
2.37,2.37,0,0,2.37707,-0.000547499,2.37006,0.0297342,0.0282484
2.38,2.38,0,0,2.35606,-0.00434192,2.38016,0.0300195,0.0280499
2.39,2.39,0,0,2.38366,-0.00352202,2.39025,0.0303027,0.0281427
2.4,2.4,0,0,2.39781,-0.0320105,2.39864,-0.0113552,-0.0103252
2.41,2.41,0,0,2.37779,0.0109282,2.40871,-0.0114592,-0.0102209
2.42,2.42,0,0,2.38657,-0.0110694,2.41879,-0.0115622,-0.0104122
2.43,2.43,0,0,2.39363,0.0340646,2.42886,-0.0116671,-0.0101865
2.44,2.44,0,0,2.45117,0.0479737,2.43896,-0.0117699,-0.0100957
2.45,2.45,0,0,2.4338,0.00942159,2.44905,-0.0118718,-0.0102463
2.46,2.46,0,0,2.44727,-0.0282045,2.45914,-0.0119752,-0.0101712
2.47,2.47,0,0,2.47488,-0.0256892,2.46924,-0.0120779,-0.0100067
2.48,2.48,0,0,2.4979,0.0230859,2.47933,-0.0121789,-0.0101052
2.49,2.49,0,0,2.45119,0.0323386,2.48943,-0.0122809,-0.0101024
2.5,2.5,0,0,2.5206,-0.0663968,2.51365,-0.0485779,-0.043255
2.51,2.51,0,0,2.53321,0.0336653,2.52388,-0.0490209,-0.0431998
2.52,2.52,0,0,2.51137,-0.0282477,2.53412,-0.0494635,-0.0435113
2.53,2.53,0,0,2.51818,-0.0123548,2.54435,-0.0499089,-0.0435227
2.54,2.54,0,0,2.52387,0.00910334,2.55458,-0.0503544,-0.0433925
2.55,2.55,0,0,2.59818,0.0468738,2.56481,-0.0507984,-0.0434375
2.56,2.56,0,0,2.56245,0.0391967,2.57504,-0.0512433,-0.0433306
2.57,2.57,0,0,2.55252,-0.00513748,2.58527,-0.0516867,-0.0432306
2.58,2.58,0,0,2.59367,-0.0324511,2.59548,-0.0521285,-0.0431024
2.59,2.59,0,0,2.60069,0.00146025,2.6057,-0.0525693,-0.0429924
2.6,2.6,0,0,2.61286,0.00591901,2.61388,-0.0134891,-0.00636331
2.61,2.61,0,0,2.52858,-0.023985,2.62409,-0.0135541,-0.00656355
2.62,2.62,0,0,2.61177,-0.0299794,2.6343,-0.013621,-0.00652691
2.63,2.63,0,0,2.59792,-0.0580956,2.64449,-0.0136876,-0.006599
2.64,2.64,0,0,2.64387,-0.0146694,2.65468,-0.0137548,-0.00659194
2.65,2.65,0,0,2.64547,-0.00710997,2.66488,-0.0138221,-0.00663999
2.66,2.66,0,0,2.67627,0.0376307,2.67509,-0.0138899,-0.00665122
2.67,2.67,0,0,2.65328,-0.031921,2.68531,-0.0139578,-0.0066951
2.68,2.68,0,0,2.6941,0.0574414,2.69551,-0.0140261,-0.0066852
2.69,2.69,0,0,2.64986,0.0165468,2.70571,-0.0140944,-0.00651823
2.7,2.7,0,0,2.69397,-0.00425087,2.70122,-0.00751558,-0.000651711
2.71,2.71,0,0,2.70093,0.00670533,2.71129,-0.00752214,-0.0005251
2.72,2.72,0,0,2.74527,-0.0108815,2.72135,-0.00752742,-0.00035308
2.73,2.73,0,0,2.71508,-0.0206551,2.73141,-0.00753098,-0.000410253
2.74,2.74,0,0,2.71337,0.00344607,2.74148,-0.00753511,-0.000224251
2.75,2.75,0,0,2.7259,-0.0638993,2.75156,-0.00753737,-0.000244292
2.76,2.76,0,0,2.79812,-0.0212192,2.76162,-0.00753983,-0.0002445
2.77,2.77,0,0,2.77146,0.0287057,2.77166,-0.00754229,-0.000165995
2.78,2.78,0,0,2.80367,-0.00815736,2.78171,-0.00754396,-0.000254741
2.79,2.79,0,0,2.83068,-0.0238368,2.79176,-0.00754652,-0.000223942
2.8,2.8,0,0,2.79973,0.00909369,2.80041,0.00360003,0.0100718
2.81,2.81,0,0,2.79494,0.0167607,2.81044,0.00370101,0.0100168
2.82,2.82,0,0,2.8283,0.0219642,2.82045,0.00380129,0.00993793
2.83,2.83,0,0,2.78128,0.00484689,2.83046,0.00390077,0.00997046
2.84,2.84,0,0,2.85342,-0.0364178,2.84047,0.00400058,0.0100355
2.85,2.85,0,0,2.83569,0.0199935,2.85048,0.00410111,0.0101186
2.86,2.86,0,0,2.85327,-0.0178253,2.8605,0.00420249,0.0100386
2.87,2.87,0,0,2.85491,0.0433199,2.87052,0.00430299,0.0100403
2.88,2.88,0,0,2.90578,0.0103853,2.88053,0.00440356,0.0100022
2.89,2.89,0,0,2.88285,-0.0304121,2.89054,0.00450366,0.00988988
2.9,2.9,0,0,2.91165,-0.0208926,2.90798,-0.0124659,-0.00562691
2.91,2.91,0,0,2.97125,0.0282694,2.91806,-0.0125226,-0.00558976
2.92,2.92,0,0,2.86899,0.0158491,2.92812,-0.0125789,-0.00559372
2.93,2.93,0,0,2.89406,-0.0381948,2.93817,-0.0126351,-0.00555748
2.94,2.94,0,0,2.96557,-0.0205355,2.94821,-0.0126909,-0.00570521
2.95,2.95,0,0,3.00166,-0.00252778,2.95825,-0.0127482,-0.00575441
2.96,2.96,0,0,2.95773,0.0262652,2.96827,-0.0128059,-0.00570794
2.97,2.97,0,0,2.96767,0.0190362,2.9783,-0.0128631,-0.00572197
2.98,2.98,0,0,3.00182,-0.0202266,2.98831,-0.0129204,-0.00566041
2.99,2.99,0,0,3.0142,0.00618149,2.99833,-0.0129771,-0.00566103
3,3,0,0,2.98312,0.0683475,2.99146,0.0414455,0.0434239
3.01,3.01,0,0,3.01894,0.00866197,3.00131,0.0418737,0.043677
3.02,3.02,0,0,3.00475,-0.00345519,3.01115,0.0423037,0.0436603
3.03,3.03,0,0,3.06115,0.00259103,3.02099,0.0427338,0.0436171
3.04,3.04,0,0,3.06274,-0.00261647,3.03083,0.0431633,0.0436428
3.05,3.05,0,0,3.01454,0.0250648,3.04068,0.0435932,0.0436909
3.06,3.06,0,0,3.04869,0.0172734,3.05053,0.0440238,0.0437472
3.07,3.07,0,0,3.10396,0.0659729,3.06037,0.0444546,0.0437888
3.08,3.08,0,0,3.13346,-0.0319555,3.07022,0.0448863,0.0437233
3.09,3.09,0,0,3.08096,-0.00952037,3.08007,0.0453172,0.0439941
3.1,3.1,0,0,3.10951,0.0570281,3.10304,0.0532925,0.0504555
3.11,3.11,0,0,3.0929,0.0185545,3.11303,0.0537969,0.0504527
3.12,3.12,0,0,3.11112,0.0325082,3.12301,0.0543012,0.0504045
3.13,3.13,0,0,3.11314,-0.0398582,3.133,0.054805,0.0505254
3.14,3.14,0,0,3.13183,-0.00224733,3.14298,0.0553098,0.050563
3.15,3.15,0,0,3.13787,0.00388234,3.15295,0.0558143,0.0505794
3.16,3.16,0,0,3.13403,0.00625066,3.16293,0.0563195,0.0505395
3.17,3.17,0,0,3.14185,0.00425583,3.17291,0.0568244,0.0506664
3.18,3.18,0,0,3.17554,0.0220917,3.18289,0.0573305,0.0506619
3.19,3.19,0,0,3.19138,-0.00152557,3.19287,0.0578364,0.0505543
3.2,3.2,0,0,3.20043,0.00468564,3.20122,0.0224427,0.018131
3.21,3.21,0,0,3.17196,0.00369987,3.21116,0.0226228,0.0181788
3.22,3.22,0,0,3.1942,0.0167052,3.2211,0.0228037,0.0181396
3.23,3.23,0,0,3.19275,0.00498797,3.23105,0.0229842,0.0180964
3.24,3.24,0,0,3.21294,0.0318193,3.241,0.0231643,0.0180383
3.25,3.25,0,0,3.25254,-0.00253958,3.25098,0.0233442,0.0180162
3.26,3.26,0,0,3.20934,0.0342648,3.26095,0.0235239,0.0179212
3.27,3.27,0,0,3.27484,-0.0118439,3.27092,0.0237026,0.018091
3.28,3.28,0,0,3.27844,0.0492458,3.28089,0.0238829,0.0181007
3.29,3.29,0,0,3.35247,-0.0347196,3.29088,0.0240637,0.0182013
3.3,3.3,0,0,3.23401,-0.0513732,3.25612,-0.0263495,-0.0263816
3.31,3.31,0,0,3.2793,-0.0238328,3.2657,-0.0266022,-0.0262352
3.32,3.32,0,0,3.38719,0.0138021,3.27528,-0.0268537,-0.026315
3.33,3.33,0,0,3.37341,0.00422817,3.28488,-0.0271062,-0.0263949
3.34,3.34,0,0,3.32142,0.00939357,3.29447,-0.0273596,-0.0263749
3.35,3.35,0,0,3.41328,0.023538,3.30408,-0.0276129,-0.0264828
3.36,3.36,0,0,3.35591,-0.048535,3.31368,-0.0278674,-0.0263981
3.37,3.37,0,0,3.36163,0.0308311,3.32328,-0.0281208,-0.0263298
3.38,3.38,0,0,3.33568,0.00773283,3.33289,-0.0283738,-0.0262975
3.39,3.39,0,0,3.3859,0.0326951,3.3425,-0.0286267,-0.0263787
3.4,3.4,0,0,3.35305,-0.0065158,3.35274,-0.0139488,-0.0128985
3.41,3.41,0,0,3.41679,0.0128237,3.36236,-0.0140728,-0.0128777
3.42,3.42,0,0,3.39389,-0.00641136,3.37196,-0.0141965,-0.0127804
3.43,3.43,0,0,3.43569,0.0270483,3.38158,-0.0143194,-0.0126177
3.44,3.44,0,0,3.44623,0.0317982,3.39119,-0.0144407,-0.0127204
3.45,3.45,0,0,3.47214,0.00332668,3.40081,-0.014563,-0.0126729
3.46,3.46,0,0,3.45494,0.00598464,3.41042,-0.0146848,-0.0127313
3.47,3.47,0,0,3.46444,-0.0522321,3.42003,-0.0148072,-0.0127136
3.48,3.48,0,0,3.45011,-0.0018463,3.42965,-0.0149295,-0.0127434
3.49,3.49,0,0,3.53865,-0.0186488,3.43927,-0.0150521,-0.0128744
3.5,3.5,0,0,3.51944,0.0226756,3.49611,0.0100829,0.0101184
3.51,3.51,0,0,3.58402,-0.0297707,3.50617,0.0101847,0.0100853
3.52,3.52,0,0,3.52895,-0.0190472,3.51623,0.0102862,0.0102346
3.53,3.53,0,0,3.50423,0.0358601,3.52629,0.0103892,0.0103172
3.54,3.54,0,0,3.53673,-0.0146579,3.53636,0.0104931,0.0103556
3.55,3.55,0,0,3.52711,0.00407262,3.54642,0.0105973,0.0102869
3.56,3.56,0,0,3.52381,-0.0384081,3.55648,0.0107008,0.01016
3.57,3.57,0,0,3.62647,0.0235894,3.56655,0.0108031,0.0103545
3.58,3.58,0,0,3.59114,0.0345972,3.57662,0.0109073,0.0105516
3.59,3.59,0,0,3.5714,0.0722213,3.58669,0.0110136,0.0105686
3.6,3.6,0,0,3.60563,-0.0478115,3.6027,-0.0283142,-0.0252908
3.61,3.61,0,0,3.62987,-0.0259868,3.61284,-0.0285707,-0.0252553
3.62,3.62,0,0,3.6471,0.00181826,3.62297,-0.0288268,-0.0251656
3.63,3.63,0,0,3.60884,0.00186947,3.63312,-0.0290822,-0.0252533
3.64,3.64,0,0,3.58933,-0.0215796,3.64327,-0.0293385,-0.0251727
3.65,3.65,0,0,3.65845,0.0470502,3.65342,-0.0295941,-0.0251496
3.66,3.66,0,0,3.68861,-0.00134294,3.66358,-0.0298497,-0.0251282
3.67,3.67,0,0,3.7185,-0.0329611,3.67375,-0.0301051,-0.0251061
3.68,3.68,0,0,3.68093,0.0187057,3.68388,-0.0303597,-0.0251081
3.69,3.69,0,0,3.6649,0.0474968,3.69401,-0.030614,-0.0249751
3.7,3.7,0,0,3.69277,-0.0463695,3.69653,-0.0412543,-0.0345163
3.71,3.71,0,0,3.69353,0.0380904,3.70659,-0.0416018,-0.0344799
3.72,3.72,0,0,3.70177,0.0228231,3.71666,-0.041949,-0.0346105
3.73,3.73,0,0,3.7977,-0.0092227,3.72675,-0.0422986,-0.0347567
3.74,3.74,0,0,3.68479,0.0483051,3.73686,-0.04265,-0.0349011
3.75,3.75,0,0,3.80051,-0.0158136,3.74695,-0.0430024,-0.03483
3.76,3.76,0,0,3.75346,-0.0333196,3.75706,-0.0433545,-0.0348753
3.77,3.77,0,0,3.7442,-0.0309004,3.76715,-0.0437064,-0.0348525
3.78,3.78,0,0,3.80031,-0.0109609,3.77722,-0.0440577,-0.0347125
3.79,3.79,0,0,3.82176,-0.0144113,3.7873,-0.0444077,-0.0346366
3.8,3.8,0,0,3.85008,0.0730323,3.83265,0.0341658,0.0386586
3.81,3.81,0,0,3.79254,-0.0176412,3.84304,0.0345677,0.038577
3.82,3.82,0,0,3.84436,0.0401349,3.85343,0.0349686,0.038483
3.83,3.83,0,0,3.81288,0.0220265,3.86382,0.0353687,0.0385088
3.84,3.84,0,0,3.84762,0.047068,3.8742,0.0357686,0.0384641
3.85,3.85,0,0,3.79755,0.00399281,3.88459,0.0361685,0.0384144
3.86,3.86,0,0,3.83227,0.00990501,3.89499,0.0365681,0.0384027
3.87,3.87,0,0,3.86854,0.0134584,3.90537,0.0369671,0.0384599
3.88,3.88,0,0,3.86895,-0.0137919,3.91575,0.0373666,0.0385571
3.89,3.89,0,0,3.86872,0.0562852,3.92614,0.0377671,0.0385156
3.9,3.9,0,0,3.92382,-0.00660764,3.92803,0.00811662,0.0104411
3.91,3.91,0,0,3.91395,-0.0269658,3.93836,0.00822454,0.010481
3.92,3.92,0,0,3.86665,-0.0196484,3.94872,0.0083331,0.0106774
3.93,3.93,0,0,3.96162,0.0448075,3.95908,0.0084437,0.0107039
3.94,3.94,0,0,3.95278,-0.00549574,3.96943,0.00855447,0.0107071
3.95,3.95,0,0,3.94836,-0.00719697,3.97977,0.00866523,0.0106685
3.96,3.96,0,0,3.96794,0.0284436,3.99011,0.00877556,0.0107412
3.97,3.97,0,0,3.95469,0.00635249,4.00045,0.0088866,0.0106809
3.98,3.98,0,0,4.00014,0.0198427,4.01078,0.00899694,0.0107147
3.99,3.99,0,0,3.99339,-0.0281798,4.02111,0.00910766,0.0107101
4,4,0,0,4.00289,-0.0433167,4.01234,-0.026043,-0.0218207
4.01,4.01,0,0,0,0,4.02252,-0.0262651,-0.0218094
4.02,4.02,0,0,0,0,4.03268,-0.0264869,-0.0217643
4.03,4.03,0,0,0,0,4.04287,-0.0267085,-0.0218253
4.04,4.04,0,0,0,0,4.05307,-0.0269313,-0.0217465
4.05,4.05,0,0,0,0,4.06325,-0.0271528,-0.0215297
4.06,4.06,0,0,0,0,4.07342,-0.0273717,-0.0215078
4.07,4.07,0,0,0,0,4.08357,-0.0275901,-0.0214532
4.08,4.08,0,0,0,0,4.09372,-0.0278078,-0.0214621
4.09,4.09,0,0,0,0,4.10387,-0.0280255,-0.0213831
4.1,4.1,0,0,0,0,4.114,-0.0282423,-0.0213051
4.11,4.11,0,0,0,0,4.12413,-0.028458,-0.0211776
4.12,4.12,0,0,0,0,4.13425,-0.0286725,-0.0210323
4.13,4.13,0,0,0,0,4.14439,-0.0288857,-0.0209196
4.14,4.14,0,0,0,0,4.15451,-0.0290975,-0.0210994
4.15,4.15,0,0,0,0,4.16462,-0.0293108,-0.0209652
4.16,4.16,0,0,0,0,4.17472,-0.0295226,-0.0211997
4.17,4.17,0,0,0,0,4.18483,-0.0297369,-0.0214429
4.18,4.18,0,0,0,0,4.19492,-0.0299533,-0.021472
4.19,4.19,0,0,0,0,4.205,-0.0301698,-0.0213298
4.2,4.2,0,0,0,0,4.21509,-0.0303849,-0.0211958
4.21,4.21,0,0,0,0,4.22516,-0.0305986,-0.0210492
4.22,4.22,0,0,0,0,4.23523,-0.0308105,-0.0209996
4.23,4.23,0,0,0,0,4.24529,-0.0310217,-0.0209941
4.24,4.24,0,0,0,0,4.25535,-0.0312331,-0.0210023
4.25,4.25,0,0,0,0,4.26543,-0.0314446,-0.0208998
4.26,4.26,0,0,0,0,4.2755,-0.0316551,-0.020814
4.27,4.27,0,0,0,0,4.28556,-0.0318647,-0.0207901
4.28,4.28,0,0,0,0,4.29563,-0.0320741,-0.0208382
4.29,4.29,0,0,0,0,4.30569,-0.0322836,-0.0209067
4.3,4.3,0,0,0,0,4.31574,-0.0324937,-0.0207948
4.31,4.31,0,0,0,0,4.32578,-0.0327026,-0.0207059
4.32,4.32,0,0,0,0,4.3358,-0.0329101,-0.0208048
4.33,4.33,0,0,0,0,4.34579,-0.033118,-0.0208374
4.34,4.34,0,0,0,0,4.35579,-0.0333264,-0.0208119
4.35,4.35,0,0,0,0,4.36579,-0.0335344,-0.0209825
4.36,4.36,0,0,0,0,4.37578,-0.0337441,-0.0210626
4.37,4.37,0,0,0,0,4.38576,-0.0339545,-0.0211565
4.38,4.38,0,0,0,0,4.39574,-0.0341655,-0.0212715
4.39,4.39,0,0,0,0,4.40571,-0.0343777,-0.0212402
4.4,4.4,0,0,0,0,4.41567,-0.0345893,-0.0210587
4.41,4.41,0,0,0,0,4.42564,-0.0347992,-0.0212445
4.42,4.42,0,0,0,0,4.43561,-0.035011,-0.0212042
4.43,4.43,0,0,0,0,4.44558,-0.0352224,-0.0211985
4.44,4.44,0,0,0,0,4.45555,-0.0354338,-0.0210774
4.45,4.45,0,0,0,0,4.46553,-0.0356441,-0.0209795
4.46,4.46,0,0,0,0,4.47551,-0.0358536,-0.0210623
4.47,4.47,0,0,0,0,4.4855,-0.036064,-0.0209683
4.48,4.48,0,0,0,0,4.49549,-0.0362735,-0.020984
4.49,4.49,0,0,0,0,4.50548,-0.0364833,-0.0209697
4.5,4.5,0,0,0,0,4.51548,-0.0366929,-0.0209821
4.51,4.51,0,0,0,0,4.52547,-0.0369027,-0.0210341
4.52,4.52,0,0,0,0,4.53547,-0.0371129,-0.0209101
4.53,4.53,0,0,0,0,4.54547,-0.037322,-0.0209029
4.54,4.54,0,0,0,0,4.55546,-0.0375309,-0.0209255
4.55,4.55,0,0,0,0,4.56544,-0.0377398,-0.0210586
4.56,4.56,0,0,0,0,4.57542,-0.0379499,-0.0209872
4.57,4.57,0,0,0,0,4.58541,-0.0381596,-0.0211196
4.58,4.58,0,0,0,0,4.59541,-0.0383709,-0.0213346
4.59,4.59,0,0,0,0,4.60543,-0.0385846,-0.021251
4.6,4.6,0,0,0,0,4.61542,-0.0387971,-0.0211125
4.61,4.61,0,0,0,0,4.62543,-0.0390083,-0.0212517
4.62,4.62,0,0,0,0,4.63543,-0.0392209,-0.0211284
4.63,4.63,0,0,0,0,4.64545,-0.0394326,-0.0211859
4.64,4.64,0,0,0,0,4.65547,-0.0396449,-0.0213024
4.65,4.65,0,0,0,0,4.66551,-0.0398588,-0.0211531
4.66,4.66,0,0,0,0,4.67555,-0.0400713,-0.021153
4.67,4.67,0,0,0,0,4.68562,-0.0402842,-0.0210959
4.68,4.68,0,0,0,0,4.69569,-0.0404968,-0.0210797
4.69,4.69,0,0,0,0,4.70578,-0.0407094,-0.0210257
4.7,4.7,0,0,0,0,4.71587,-0.0409216,-0.0209383
4.71,4.71,0,0,0,0,4.72594,-0.0411325,-0.020959
4.72,4.72,0,0,0,0,4.73602,-0.0413437,-0.0208429
4.73,4.73,0,0,0,0,4.74608,-0.0415534,-0.0208697
4.74,4.74,0,0,0,0,4.75615,-0.0417638,-0.0209365
4.75,4.75,0,0,0,0,4.76624,-0.0419749,-0.0208418
4.76,4.76,0,0,0,0,4.77632,-0.042185,-0.0208546
4.77,4.77,0,0,0,0,4.7864,-0.0423953,-0.0208545
4.78,4.78,0,0,0,0,4.79648,-0.0426054,-0.0209005
4.79,4.79,0,0,0,0,4.80654,-0.0428159,-0.0209332
4.8,4.8,0,0,0,0,4.81661,-0.0430266,-0.0208599
4.81,4.81,0,0,0,0,4.82668,-0.0432367,-0.0209144
4.82,4.82,0,0,0,0,4.83674,-0.0434472,-0.0210146
4.83,4.83,0,0,0,0,4.8468,-0.0436585,-0.0211472
4.84,4.84,0,0,0,0,4.85682,-0.0438705,-0.0212744
4.85,4.85,0,0,0,0,4.86685,-0.0440839,-0.021272
4.86,4.86,0,0,0,0,4.87688,-0.0442972,-0.0211576
4.87,4.87,0,0,0,0,4.8869,-0.0445094,-0.021197
4.88,4.88,0,0,0,0,4.89692,-0.0447218,-0.0210597
4.89,4.89,0,0,0,0,4.90694,-0.0449328,-0.0211747
4.9,4.9,0,0,0,0,4.91696,-0.045145,-0.0210916
4.91,4.91,0,0,0,0,4.92698,-0.0453563,-0.021058
4.92,4.92,0,0,0,0,4.93701,-0.0455675,-0.0209705
4.93,4.93,0,0,0,0,4.94704,-0.045778,-0.0210657
4.94,4.94,0,0,0,0,4.95709,-0.0459897,-0.0211009
4.95,4.95,0,0,0,0,4.96715,-0.0462019,-0.0209256
4.96,4.96,0,0,0,0,4.9772,-0.0464122,-0.0208779
4.97,4.97,0,0,0,0,4.98726,-0.0466224,-0.0209657
4.98,4.98,0,0,0,0,4.99734,-0.0468337,-0.0209266
4.99,4.99,0,0,0,0,5.00741,-0.0470445,-0.0209173
5,5,0,0,0,0,5.01748,-0.0472551,-0.0209551
5.01,5,0,0.00523599,0,0,5.01764,-0.0472584,-0.0158379
5.02,5,0,0.010472,0,0,5.01779,-0.0472608,-0.010711
5.03,5,0,0.015708,0,0,5.01795,-0.0472625,-0.00547146
5.04,5,0,0.020944,0,0,5.01812,-0.0472634,-0.000296739
5.05,5,0,0.0261799,0,0,5.01828,-0.0472635,0.00484231
5.06,5,0,0.0314159,0,0,5.01844,-0.0472627,0.0101495
5.07,5,0,0.0366519,0,0,5.01856,-0.0472614,0.0155968
5.08,5,0,0.0418879,0,0,5.0187,-0.0472592,0.0209765
5.09,5,0,0.0471239,0,0,5.01885,-0.0472562,0.0261559
5.1,5,0,0.0523599,0,0,5.01899,-0.0472525,0.0315381
5.11,5,0,0.0575959,0,0,5.01913,-0.0472481,0.0368878
5.12,5,0,0.0628319,0,0,5.01927,-0.0472428,0.0421162
5.13,5,0,0.0680678,0,0,5.01942,-0.0472367,0.0474492
5.14,5,0,0.0733038,0,0,5.01957,-0.0472293,0.0526451
5.15,5,0,0.0785398,0,0,5.01973,-0.0472209,0.0580609
5.16,5,0,0.0837758,0,0,5.01991,-0.0472107,0.0633688
5.17,5,0,0.0890118,0,0,5.02008,-0.0471997,0.0685724
5.18,5,0,0.0942478,0,0,5.02024,-0.0471887,0.0738533
5.19,5,0,0.0994838,0,0,5.02041,-0.0471764,0.0791266
5.2,5,0,0.10472,0,0,5.02058,-0.0471625,0.0845351
5.21,5,0,0.109956,0,0,5.02076,-0.0471474,0.0898101
5.22,5,0,0.115192,0,0,5.02096,-0.0471296,0.0950392
5.23,5,0,0.120428,0,0,5.02115,-0.0471111,0.1005
5.24,5,0,0.125664,0,0,5.02133,-0.0470929,0.105839
5.25,5,0,0.1309,0,0,5.02151,-0.0470743,0.110893
5.26,5,0,0.136136,0,0,5.02169,-0.0470538,0.116308
5.27,5,0,0.141372,0,0,5.02188,-0.0470321,0.121425
5.28,5,0,0.146608,0,0,5.02206,-0.0470096,0.126749
5.29,5,0,0.151844,0,0,5.02224,-0.0469871,0.131994
5.3,5,0,0.15708,0,0,5.0224,-0.046965,0.137128
5.31,5,0,0.162316,0,0,5.02256,-0.0469435,0.142442
5.32,5,0,0.167552,0,0,5.02272,-0.0469209,0.147954
5.33,5,0,0.172788,0,0,5.02287,-0.0468982,0.153009
5.34,5,0,0.178024,0,0,5.02301,-0.046876,0.158075
5.35,5,0,0.18326,0,0,5.02315,-0.0468535,0.163253
5.36,5,0,0.188496,0,0,5.02328,-0.0468326,0.168492
5.37,5,0,0.193732,0,0,5.0234,-0.0468126,0.173846
5.38,5,0,0.198968,0,0,5.02352,-0.0467915,0.179177
5.39,5,0,0.204204,0,0,5.02363,-0.0467708,0.1844
5.4,5,0,0.20944,0,0,5.02375,-0.0467481,0.18956
5.41,5,0,0.214675,0,0,5.02387,-0.0467261,0.19492
5.42,5,0,0.219911,0,0,5.024,-0.0467003,0.200134
5.43,5,0,0.225147,0,0,5.02413,-0.0466733,0.205418
5.44,5,0,0.230383,0,0,5.02427,-0.0466449,0.210602
5.45,5,0,0.235619,0,0,5.02439,-0.0466195,0.215998
5.46,5,0,0.240855,0,0,5.0245,-0.0465953,0.221276
5.47,5,0,0.246091,0,0,5.0246,-0.0465721,0.226701
5.48,5,0,0.251327,0,0,5.0247,-0.0465487,0.231931
5.49,5,0,0.256563,0,0,5.0248,-0.0465252,0.237126
5.5,5,0,0.261799,0,0,5.0249,-0.0465004,0.242363
5.51,5,0,0.267035,0,0,5.02502,-0.0464726,0.247655
5.52,5,0,0.272271,0,0,5.02514,-0.0464424,0.252994
5.53,5,0,0.277507,0,0,5.02527,-0.0464082,0.258218
5.54,5,0,0.282743,0,0,5.02539,-0.0463771,0.26349
5.55,5,0,0.287979,0,0,5.02551,-0.0463442,0.268671
5.56,5,0,0.293215,0,0,5.02563,-0.0463119,0.273973
5.57,5,0,0.298451,0,0,5.02575,-0.0462782,0.279203
5.58,5,0,0.303687,0,0,5.02585,-0.0462473,0.28449
5.59,5,0,0.308923,0,0,5.02597,-0.0462137,0.289818
5.6,5,0,0.314159,0,0,5.02608,-0.0461798,0.295
5.61,5,0,0.319395,0,0,5.02618,-0.0461484,0.300175
5.62,5,0,0.324631,0,0,5.02629,-0.0461147,0.305413
5.63,5,0,0.329867,0,0,5.0264,-0.0460802,0.310512
5.64,5,0,0.335103,0,0,5.02652,-0.0460427,0.315664
5.65,5,0,0.340339,0,0,5.02665,-0.0459996,0.320888
5.66,5,0,0.345575,0,0,5.02678,-0.0459585,0.326079
5.67,5,0,0.350811,0,0,5.0269,-0.0459179,0.331285
5.68,5,0,0.356047,0,0,5.02701,-0.0458773,0.336481
5.69,5,0,0.361283,0,0,5.02713,-0.0458359,0.341677
5.7,5,0,0.366519,0,0,5.02725,-0.0457954,0.346909
5.71,5,0,0.371755,0,0,5.02736,-0.0457556,0.352302
5.72,5,0,0.376991,0,0,5.02747,-0.0457141,0.357523
5.73,5,0,0.382227,0,0,5.02758,-0.0456707,0.362619
5.74,5,0,0.387463,0,0,5.0277,-0.0456254,0.367852
5.75,5,0,0.392699,0,0,5.02783,-0.0455756,0.373219
5.76,5,0,0.397935,0,0,5.02797,-0.0455232,0.378439
5.77,5,0,0.403171,0,0,5.0281,-0.0454711,0.383601
5.78,5,0,0.408407,0,0,5.02823,-0.0454187,0.388725
5.79,5,0,0.413643,0,0,5.02836,-0.0453663,0.39408
5.8,5,0,0.418879,0,0,5.02848,-0.0453147,0.399375
5.81,5,0,0.424115,0,0,5.02861,-0.0452599,0.404723
5.82,5,0,0.429351,0,0,5.02874,-0.0452061,0.409891
5.83,5,0,0.434587,0,0,5.02885,-0.0451559,0.415065
5.84,5,0,0.439823,0,0,5.02896,-0.0451066,0.420189
5.85,5,0,0.445059,0,0,5.02908,-0.0450534,0.425347
5.86,5,0,0.450295,0,0,5.02922,-0.0449896,0.430739
5.87,5,0,0.455531,0,0,5.02935,-0.0449309,0.436007
5.88,5,0,0.460767,0,0,5.02947,-0.0448734,0.441211
5.89,5,0,0.466003,0,0,5.02958,-0.0448214,0.446557
5.9,5,0,0.471239,0,0,5.0297,-0.0447653,0.451853
5.91,5,0,0.476475,0,0,5.02983,-0.0447003,0.457097
5.92,5,0,0.481711,0,0,5.02996,-0.0446377,0.462261
5.93,5,0,0.486947,0,0,5.03008,-0.0445781,0.46765
5.94,5,0,0.492183,0,0,5.0302,-0.0445164,0.472872
5.95,5,0,0.497419,0,0,5.03032,-0.0444571,0.478208
5.96,5,0,0.502655,0,0,5.03044,-0.0443935,0.483502
5.97,5,0,0.507891,0,0,5.03056,-0.044334,0.488774
5.98,5,0,0.513127,0,0,5.03066,-0.044278,0.494042
5.99,5,0,0.518363,0,0,5.03076,-0.0442267,0.499303
6,5,0,0.523599,0,0,5.03085,-0.044175,0.504723
6.01,5,0,0.528835,0,0,5.03096,-0.0441131,0.509888
6.02,5,0,0.534071,0,0,5.03107,-0.0440515,0.515155
6.03,5,0,0.539307,0,0,5.03119,-0.0439872,0.52066
6.04,5,0,0.544543,0,0,5.03129,-0.0439295,0.525916
6.05,5,0,0.549779,0,0,5.03139,-0.0438695,0.531308
6.06,5,0,0.555015,0,0,5.03149,-0.043812,0.536542
6.07,5,0,0.560251,0,0,5.03159,-0.0437546,0.541766
6.08,5,0,0.565487,0,0,5.03169,-0.043691,0.547158
6.09,5,0,0.570723,0,0,5.03179,-0.0436291,0.552391
6.1,5,0,0.575959,0,0,5.03188,-0.0435754,0.55782
6.11,5,0,0.581195,0,0,5.03197,-0.0435221,0.563204
6.12,5,0,0.586431,0,0,5.03205,-0.043469,0.568645
6.13,5,0,0.591667,0,0,5.03214,-0.0434093,0.573865
6.14,5,0,0.596903,0,0,5.03223,-0.0433497,0.579108
6.15,5,0,0.602139,0,0,5.03233,-0.0432887,0.584338
6.16,5,0,0.607375,0,0,5.03243,-0.0432228,0.589552
6.17,5,0,0.612611,0,0,5.03253,-0.043152,0.594736
6.18,5,0,0.617847,0,0,5.03263,-0.0430841,0.599994
6.19,5,0,0.623083,0,0,5.03274,-0.0430148,0.605235
6.2,5,0,0.628319,0,0,5.03282,-0.0429566,0.6105
6.21,5,0,0.633555,0,0,5.03289,-0.0429039,0.615661
6.22,5,0,0.638791,0,0,5.03298,-0.0428434,0.620949
6.23,5,0,0.644026,0,0,5.03306,-0.0427852,0.625972
6.24,5,0,0.649262,0,0,5.03313,-0.0427381,0.631196
6.25,5,0,0.654498,0,0,5.0332,-0.0426843,0.636456
6.26,5,0,0.659734,0,0,5.03328,-0.0426224,0.641644
6.27,5,0,0.66497,0,0,5.03335,-0.0425697,0.646955
6.28,5,0,0.670206,0,0,5.03343,-0.0425129,0.652331
6.29,5,0,0.675442,0,0,5.03352,-0.0424474,0.657594
6.3,5,0,0.680678,0,0,5.03361,-0.0423744,0.663128
6.31,5,0,0.685914,0,0,5.03371,-0.0422957,0.668318
6.32,5,0,0.69115,0,0,5.03381,-0.042217,0.673628
6.33,5,0,0.696386,0,0,5.0339,-0.042149,0.678911
6.34,5,0,0.701622,0,0,5.03397,-0.0420868,0.684218
6.35,5,0,0.706858,0,0,5.03404,-0.0420287,0.689598
6.36,5,0,0.712094,0,0,5.03412,-0.0419686,0.694881
6.37,5,0,0.71733,0,0,5.03418,-0.0419158,0.700255
6.38,5,0,0.722566,0,0,5.03424,-0.041867,0.705622
6.39,5,0,0.727802,0,0,5.03429,-0.0418191,0.71102
6.4,5,0,0.733038,0,0,5.03435,-0.0417692,0.71628
6.41,5,0,0.738274,0,0,5.0344,-0.0417256,0.721321
6.42,5,0,0.74351,0,0,5.03445,-0.0416839,0.72655
6.43,5,0,0.748746,0,0,5.03449,-0.0416489,0.731821
6.44,5,0,0.753982,0,0,5.03453,-0.0416107,0.736993
6.45,5,0,0.759218,0,0,5.03457,-0.0415792,0.742327
6.46,5,0,0.764454,0,0,5.03459,-0.0415536,0.747488
6.47,5,0,0.76969,0,0,5.03461,-0.0415353,0.752781
6.48,5,0,0.774926,0,0,5.03464,-0.0415077,0.757891
6.49,5,0,0.780162,0,0,5.03467,-0.0414785,0.762822
6.5,5,0,0.785398,0,0,5.03469,-0.0414588,0.767985
6.51,5,0,0.790634,0,0,5.03471,-0.041446,0.773085
6.52,5,0,0.79587,0,0,5.0347,-0.0414504,0.77825
6.53,5,0,0.801106,0,0,5.0347,-0.0414492,0.783479
6.54,5,0,0.806342,0,0,5.0347,-0.0414503,0.788752
6.55,5,0,0.811578,0,0,5.0347,-0.0414491,0.794038
6.56,5,0,0.816814,0,0,5.0347,-0.0414579,0.799276
6.57,5,0,0.82205,0,0,5.03469,-0.0414675,0.804612
6.58,5,0,0.827286,0,0,5.03468,-0.0414735,0.809836
6.59,5,0,0.832522,0,0,5.03467,-0.04148,0.815064
6.6,5,0,0.837758,0,0,5.03467,-0.0414812,0.820275
6.61,5,0,0.842994,0,0,5.03467,-0.0414799,0.825474
6.62,5,0,0.84823,0,0,5.03468,-0.0414715,0.830702
6.63,5,0,0.853466,0,0,5.03469,-0.0414653,0.835962
6.64,5,0,0.858702,0,0,5.03469,-0.0414581,0.841223
6.65,5,0,0.863938,0,0,5.0347,-0.041447,0.846535
6.66,5,0,0.869174,0,0,5.0347,-0.0414509,0.851739
6.67,5,0,0.87441,0,0,5.0347,-0.0414501,0.856994
6.68,5,0,0.879646,0,0,5.03471,-0.0414418,0.86235
6.69,5,0,0.884882,0,0,5.03471,-0.0414412,0.867663
6.7,5,0,0.890118,0,0,5.03471,-0.0414447,0.873071
6.71,5,0,0.895354,0,0,5.03471,-0.0414449,0.878342
6.72,5,0,0.90059,0,0,5.0347,-0.0414551,0.883656
6.73,5,0,0.905826,0,0,5.0347,-0.0414576,0.888854
6.74,5,0,0.911062,0,0,5.0347,-0.0414531,0.894159
6.75,5,0,0.916298,0,0,5.03472,-0.0414313,0.899403
6.76,5,0,0.921534,0,0,5.03473,-0.0414144,0.904749
6.77,5,0,0.92677,0,0,5.03474,-0.0414037,0.910017
6.78,5,0,0.932006,0,0,5.03476,-0.0413781,0.915237
6.79,5,0,0.937242,0,0,5.03478,-0.0413514,0.92045
6.8,5,0,0.942478,0,0,5.0348,-0.041327,0.925619
6.81,5,0,0.947714,0,0,5.03482,-0.0412958,0.930993
6.82,5,0,0.95295,0,0,5.03484,-0.0412748,0.936188
6.83,5,0,0.958186,0,0,5.03485,-0.0412627,0.941386
6.84,5,0,0.963422,0,0,5.03485,-0.0412508,0.946643
6.85,5,0,0.968658,0,0,5.03486,-0.0412497,0.951872
6.86,5,0,0.973894,0,0,5.03484,-0.0412641,0.957078
6.87,5,0,0.97913,0,0,5.03483,-0.0412857,0.962171
6.88,5,0,0.984366,0,0,5.03481,-0.0413103,0.967378
6.89,5,0,0.989602,0,0,5.03479,-0.0413428,0.972612
6.9,5,0,0.994838,0,0,5.03477,-0.0413766,0.9777
6.91,5,0,1.00007,0,0,5.03475,-0.0414029,0.982817
6.92,5,0,1.00531,0,0,5.03473,-0.0414383,0.987997
6.93,5,0,1.01055,0,0,5.0347,-0.0414703,0.993207
6.94,5,0,1.01578,0,0,5.03469,-0.0414901,0.998639
6.95,5,0,1.02102,0,0,5.03468,-0.0415046,1.004
6.96,5,0,1.02625,0,0,5.03468,-0.0415098,1.0091
6.97,5,0,1.03149,0,0,5.03467,-0.0415249,1.01426
6.98,5,0,1.03673,0,0,5.03467,-0.0415261,1.01957
6.99,5,0,1.04196,0,0,5.03467,-0.0415276,1.02484
7,5,0,1.0472,0,0,5.03466,-0.0415416,1.03021
7.01,5,0,1.05243,0,0,5.03466,-0.0415396,1.03548
7.02,5,0,1.05767,0,0,5.03465,-0.0415515,1.0406
7.03,5,0,1.06291,0,0,5.03465,-0.041565,1.04591
7.04,5,0,1.06814,0,0,5.03463,-0.0415878,1.05114
7.05,5,0,1.07338,0,0,5.03461,-0.0416221,1.05656
7.06,5,0,1.07861,0,0,5.0346,-0.0416532,1.06188
7.07,5,0,1.08385,0,0,5.03458,-0.0416818,1.06704
7.08,5,0,1.08909,0,0,5.03456,-0.0417099,1.07232
7.09,5,0,1.09432,0,0,5.03455,-0.0417373,1.0775
7.1,5,0,1.09956,0,0,5.03453,-0.0417713,1.08284
7.11,5,0,1.10479,0,0,5.03451,-0.0418046,1.08806
7.12,5,0,1.11003,0,0,5.03449,-0.0418419,1.0933
7.13,5,0,1.11527,0,0,5.03447,-0.0418896,1.09864
7.14,5,0,1.1205,0,0,5.03444,-0.0419445,1.10391
7.15,5,0,1.12574,0,0,5.03441,-0.0420124,1.10927
7.16,5,0,1.13097,0,0,5.03437,-0.0420765,1.11448
7.17,5,0,1.13621,0,0,5.03435,-0.0421283,1.11956
7.18,5,0,1.14145,0,0,5.03432,-0.0421874,1.12458
7.19,5,0,1.14668,0,0,5.03429,-0.0422508,1.12976
7.2,5,0,1.15192,0,0,5.03426,-0.0423242,1.13489
7.21,5,0,1.15715,0,0,5.03422,-0.0424016,1.1402
7.22,5,0,1.16239,0,0,5.03418,-0.0424789,1.1455
7.23,5,0,1.16763,0,0,5.03415,-0.04256,1.15072
7.24,5,0,1.17286,0,0,5.03411,-0.0426435,1.15587
7.25,5,0,1.1781,0,0,5.03406,-0.0427509,1.16099
7.26,5,0,1.18333,0,0,5.03401,-0.0428807,1.16616
7.27,5,0,1.18857,0,0,5.03395,-0.0430148,1.17135
7.28,5,0,1.19381,0,0,5.03389,-0.0431417,1.17656
7.29,5,0,1.19904,0,0,5.03385,-0.0432586,1.18181
7.3,5,0,1.20428,0,0,5.03379,-0.0433923,1.18708
7.31,5,0,1.20951,0,0,5.03374,-0.0435208,1.19237
7.32,5,0,1.21475,0,0,5.03368,-0.0436592,1.19774
7.33,5,0,1.21999,0,0,5.03363,-0.04379,1.2031
7.34,5,0,1.22522,0,0,5.03359,-0.0439141,1.20827
7.35,5,0,1.23046,0,0,5.03354,-0.0440393,1.21344
7.36,5,0,1.23569,0,0,5.03349,-0.0441628,1.21872
7.37,5,0,1.24093,0,0,5.03345,-0.044286,1.22392
7.38,5,0,1.24617,0,0,5.03341,-0.0444008,1.22911
7.39,5,0,1.2514,0,0,5.03336,-0.0445194,1.23443
7.4,5,0,1.25664,0,0,5.03332,-0.0446349,1.23967
7.41,5,0,1.26187,0,0,5.03328,-0.0447531,1.2448
7.42,5,0,1.26711,0,0,5.03324,-0.0448688,1.25022
7.43,5,0,1.27235,0,0,5.03321,-0.044974,1.25536
7.44,5,0,1.27758,0,0,5.03317,-0.04508,1.26048
7.45,5,0,1.28282,0,0,5.03314,-0.0451936,1.26546
7.46,5,0,1.28805,0,0,5.0331,-0.0453072,1.27084
7.47,5,0,1.29329,0,0,5.03307,-0.0454111,1.2761
7.48,5,0,1.29852,0,0,5.03303,-0.0455237,1.28142
7.49,5,0,1.30376,0,0,5.033,-0.0456455,1.28685
7.5,5,0,1.309,0,0,5.03297,-0.0457549,1.29206
7.51,5,0,1.31423,0,0,5.03294,-0.0458557,1.29742
7.52,5,0,1.31947,0,0,5.03291,-0.0459562,1.3028
7.53,5,0,1.3247,0,0,5.03289,-0.0460418,1.30805
7.54,5,0,1.32994,0,0,5.03287,-0.0461125,1.31306
7.55,5,0,1.33518,0,0,5.03285,-0.0461785,1.31834
7.56,5,0,1.34041,0,0,5.03283,-0.046239,1.32362
7.57,5,0,1.34565,0,0,5.03282,-0.0462942,1.32907
7.58,5,0,1.35088,0,0,5.03281,-0.0463483,1.33435
7.59,5,0,1.35612,0,0,5.0328,-0.0463948,1.33986
7.6,5,0,1.36136,0,0,5.03278,-0.0464419,1.34499
7.61,5,0,1.36659,0,0,5.03277,-0.0465131,1.3503
7.62,5,0,1.37183,0,0,5.03275,-0.0465829,1.35548
7.63,5,0,1.37706,0,0,5.03274,-0.0466589,1.36072
7.64,5,0,1.3823,0,0,5.03272,-0.0467326,1.36584
7.65,5,0,1.38754,0,0,5.0327,-0.0468195,1.37104
7.66,5,0,1.39277,0,0,5.03268,-0.0469045,1.3762
7.67,5,0,1.39801,0,0,5.03267,-0.0469921,1.38131
7.68,5,0,1.40324,0,0,5.03265,-0.0470757,1.38663
7.69,5,0,1.40848,0,0,5.03264,-0.0471567,1.39187
7.7,5,0,1.41372,0,0,5.03262,-0.0472429,1.39714
7.71,5,0,1.41895,0,0,5.03261,-0.0473243,1.40236
7.72,5,0,1.42419,0,0,5.03259,-0.0474154,1.40771
7.73,5,0,1.42942,0,0,5.03257,-0.047523,1.41301
7.74,5,0,1.43466,0,0,5.03256,-0.0476215,1.41833
7.75,5,0,1.4399,0,0,5.03254,-0.0477138,1.42339
7.76,5,0,1.44513,0,0,5.03253,-0.0478068,1.42858
7.77,5,0,1.45037,0,0,5.03252,-0.047903,1.43407
7.78,5,0,1.4556,0,0,5.0325,-0.0479963,1.43924
7.79,5,0,1.46084,0,0,5.03249,-0.0480972,1.44448
7.8,5,0,1.46608,0,0,5.03248,-0.048186,1.44978
7.81,5,0,1.47131,0,0,5.03247,-0.0482631,1.45517
7.82,5,0,1.47655,0,0,5.03246,-0.0483534,1.46031
7.83,5,0,1.48178,0,0,5.03245,-0.0484372,1.46561
7.84,5,0,1.48702,0,0,5.03244,-0.0485132,1.47092
7.85,5,0,1.49226,0,0,5.03243,-0.048589,1.47625
7.86,5,0,1.49749,0,0,5.03242,-0.04868,1.48162
7.87,5,0,1.50273,0,0,5.03242,-0.0487843,1.48692
7.88,5,0,1.50796,0,0,5.03241,-0.0488809,1.49212
7.89,5,0,1.5132,0,0,5.0324,-0.0489759,1.4972
7.9,5,0,1.51844,0,0,5.03239,-0.0490666,1.50248
7.91,5,0,1.52367,0,0,5.03239,-0.0491485,1.50763
7.92,5,0,1.52891,0,0,5.03238,-0.049229,1.51287
7.93,5,0,1.53414,0,0,5.03238,-0.0492991,1.51824
7.94,5,0,1.53938,0,0,5.03237,-0.049377,1.52356
7.95,5,0,1.54462,0,0,5.03237,-0.0494702,1.52875
7.96,5,0,1.54985,0,0,5.03237,-0.0495688,1.53409
7.97,5,0,1.55509,0,0,5.03236,-0.0496558,1.53935
7.98,5,0,1.56032,0,0,5.03236,-0.0497449,1.5447
7.99,5,0,1.56556,0,0,5.03236,-0.0498321,1.54998
8,5,0,1.5708,0,0,5.03236,-0.0499246,1.55526
8.01,5,0.01,1.5708,0,0,5.03251,-0.04028,1.55523
8.02,5,0.02,1.5708,0,0,5.03266,-0.0306206,1.55524
8.03,5,0.03,1.5708,0,0,5.03281,-0.0209542,1.55521
8.04,5,0.04,1.5708,0,0,5.03296,-0.0112735,1.55521
8.05,5,0.05,1.5708,0,0,5.03311,-0.00157859,1.55516
8.06,5,0.06,1.5708,0,0,5.03326,0.0081123,1.55515
8.07,5,0.07,1.5708,0,0,5.03341,0.0177996,1.55526
8.08,5,0.08,1.5708,0,0,5.03356,0.0274956,1.55531
8.09,5,0.09,1.5708,0,0,5.03371,0.0371985,1.55561
8.1,5,0.1,1.5708,0,0,5.03386,0.0469059,1.55571
8.11,5,0.11,1.5708,0,0,5.03401,0.056606,1.55568
8.12,5,0.12,1.5708,0,0,5.03415,0.0662939,1.55571
8.13,5,0.13,1.5708,0,0,5.0343,0.0759825,1.55558
8.14,5,0.14,1.5708,0,0,5.03445,0.0856734,1.55563
8.15,5,0.15,1.5708,0,0,5.03459,0.0953746,1.55562
8.16,5,0.16,1.5708,0,0,5.03474,0.105083,1.5557
8.17,5,0.17,1.5708,0,0,5.03489,0.114798,1.55562
8.18,5,0.18,1.5708,0,0,5.03503,0.124512,1.55576
8.19,5,0.19,1.5708,0,0,5.03518,0.134234,1.55563
8.2,5,0.2,1.5708,0,0,5.03533,0.143963,1.55554
8.21,5,0.21,1.5708,0,0,5.03548,0.153703,1.55554
8.22,5,0.22,1.5708,0,0,5.03563,0.163428,1.55546
8.23,5,0.23,1.5708,0,0,5.03577,0.173169,1.55536
8.24,5,0.24,1.5708,0,0,5.03592,0.182903,1.55508
8.25,5,0.25,1.5708,0,0,5.03608,0.192643,1.55497
8.26,5,0.26,1.5708,0,0,5.03623,0.202375,1.55492
8.27,5,0.27,1.5708,0,0,5.03639,0.212092,1.55487
8.28,5,0.28,1.5708,0,0,5.03654,0.221814,1.55495
8.29,5,0.29,1.5708,0,0,5.0367,0.231542,1.55481
8.3,5,0.3,1.5708,0,0,5.03685,0.241262,1.55472
8.31,5,0.31,1.5708,0,0,5.03701,0.250975,1.55477
8.32,5,0.32,1.5708,0,0,5.03716,0.260693,1.55462
8.33,5,0.33,1.5708,0,0,5.03732,0.270414,1.55459
8.34,5,0.34,1.5708,0,0,5.03748,0.280137,1.55441
8.35,5,0.35,1.5708,0,0,5.03764,0.289865,1.55421
8.36,5,0.36,1.5708,0,0,5.0378,0.299592,1.55426
8.37,5,0.37,1.5708,0,0,5.03796,0.309327,1.55431
8.38,5,0.38,1.5708,0,0,5.03812,0.319057,1.55428
8.39,5,0.39,1.5708,0,0,5.03828,0.3288,1.5543
8.4,5,0.4,1.5708,0,0,5.03844,0.338543,1.55418
8.41,5,0.41,1.5708,0,0,5.0386,0.348267,1.55415
8.42,5,0.42,1.5708,0,0,5.03876,0.357984,1.55403
8.43,5,0.43,1.5708,0,0,5.03893,0.367714,1.55412
8.44,5,0.44,1.5708,0,0,5.03909,0.377427,1.55409
8.45,5,0.45,1.5708,0,0,5.03925,0.387152,1.55431
8.46,5,0.46,1.5708,0,0,5.03941,0.396877,1.55433
8.47,5,0.47,1.5708,0,0,5.03957,0.406604,1.55428
8.48,5,0.48,1.5708,0,0,5.03973,0.416312,1.55427
8.49,5,0.49,1.5708,0,0,5.03989,0.426017,1.5544
8.5,5,0.5,1.5708,0,0,5.04005,0.435716,1.5544
8.51,5,0.51,1.5708,0,0,5.04021,0.445409,1.55457
8.52,5,0.52,1.5708,0,0,5.04037,0.455107,1.55471
8.53,5,0.53,1.5708,0,0,5.04053,0.464825,1.55485
8.54,5,0.54,1.5708,0,0,5.04068,0.474554,1.55495
8.55,5,0.55,1.5708,0,0,5.04083,0.484283,1.55495
8.56,5,0.56,1.5708,0,0,5.04099,0.494015,1.5549
8.57,5,0.57,1.5708,0,0,5.04114,0.503741,1.55502
8.58,5,0.58,1.5708,0,0,5.0413,0.51346,1.55511
8.59,5,0.59,1.5708,0,0,5.04145,0.523181,1.55499
8.6,5,0.6,1.5708,0,0,5.0416,0.532898,1.55506
8.61,5,0.61,1.5708,0,0,5.04176,0.542605,1.55523
8.62,5,0.62,1.5708,0,0,5.04191,0.552328,1.55531
8.63,5,0.63,1.5708,0,0,5.04206,0.56206,1.55561
8.64,5,0.64,1.5708,0,0,5.04221,0.5718,1.55559
8.65,5,0.65,1.5708,0,0,5.04235,0.581535,1.55557
8.66,5,0.66,1.5708,0,0,5.0425,0.591268,1.55561
8.67,5,0.67,1.5708,0,0,5.04265,0.601016,1.55563
8.68,5,0.68,1.5708,0,0,5.0428,0.61076,1.55577
8.69,5,0.69,1.5708,0,0,5.04294,0.620506,1.55576
8.7,5,0.7,1.5708,0,0,5.04309,0.630249,1.5559
8.71,5,0.71,1.5708,0,0,5.04324,0.639986,1.55594
8.72,5,0.72,1.5708,0,0,5.04338,0.649717,1.55587
8.73,5,0.73,1.5708,0,0,5.04353,0.659456,1.55597
8.74,5,0.74,1.5708,0,0,5.04367,0.669195,1.55608
8.75,5,0.75,1.5708,0,0,5.04381,0.678925,1.55623
8.76,5,0.76,1.5708,0,0,5.04395,0.688658,1.5562
8.77,5,0.77,1.5708,0,0,5.0441,0.698386,1.55628
8.78,5,0.78,1.5708,0,0,5.04424,0.708103,1.55627
8.79,5,0.79,1.5708,0,0,5.04438,0.717822,1.55618
8.8,5,0.8,1.5708,0,0,5.04452,0.72753,1.55599
8.81,5,0.81,1.5708,0,0,5.04466,0.73723,1.55606
8.82,5,0.82,1.5708,0,0,5.04481,0.746926,1.55606
8.83,5,0.83,1.5708,0,0,5.04495,0.756618,1.55608
8.84,5,0.84,1.5708,0,0,5.04509,0.766307,1.5559
8.85,5,0.85,1.5708,0,0,5.04524,0.775982,1.556
8.86,5,0.86,1.5708,0,0,5.04538,0.785653,1.556
8.87,5,0.87,1.5708,0,0,5.04552,0.795332,1.55594
8.88,5,0.88,1.5708,0,0,5.04567,0.804994,1.55594
8.89,5,0.89,1.5708,0,0,5.04581,0.814658,1.55586
8.9,5,0.9,1.5708,0,0,5.04595,0.824312,1.55595
8.91,5,0.91,1.5708,0,0,5.0461,0.83397,1.55589
8.92,5,0.92,1.5708,0,0,5.04624,0.843617,1.55595
8.93,5,0.93,1.5708,0,0,5.04639,0.853262,1.55585
8.94,5,0.94,1.5708,0,0,5.04653,0.862916,1.55587
8.95,5,0.95,1.5708,0,0,5.04667,0.872556,1.55562
8.96,5,0.96,1.5708,0,0,5.04682,0.882181,1.55552
8.97,5,0.97,1.5708,0,0,5.04697,0.891836,1.55563
8.98,5,0.98,1.5708,0,0,5.04711,0.901498,1.55578
8.99,5,0.99,1.5708,0,0,5.04726,0.911162,1.55572
9,5,1,1.5708,5.02024,0.995213,5.02056,0.99488,1.58151
9.01,5,1.01,1.5708,4.968,1.04307,5.02047,1.00488,1.58159
9.02,5,1.02,1.5708,4.99986,1.03112,5.02038,1.01487,1.58162
9.03,5,1.03,1.5708,4.97796,0.969406,5.02028,1.0249,1.58162
9.04,5,1.04,1.5708,5.07393,1.0498,5.02019,1.03493,1.58149
9.05,5,1.05,1.5708,5.02488,1.07768,5.0201,1.04498,1.58158
9.06,5,1.06,1.5708,4.97104,1.05202,5.02001,1.05503,1.58157
9.07,5,1.07,1.5708,4.95106,1.0579,5.01991,1.06507,1.58161
9.08,5,1.08,1.5708,4.96642,1.10942,5.01982,1.07512,1.58164
9.09,5,1.09,1.5708,5.00075,1.06544,5.01973,1.08517,1.58179
9.1,5,1.1,1.5708,5.03202,1.11661,5.02861,1.11025,1.56591
9.11,5,1.11,1.5708,4.99856,1.09985,5.02867,1.12047,1.56594
9.12,5,1.12,1.5708,4.98507,1.124,5.02873,1.13068,1.56601
9.13,5,1.13,1.5708,4.97541,1.1553,5.0288,1.14088,1.56596
9.14,5,1.14,1.5708,5.02645,1.13958,5.02886,1.1511,1.56592
9.15,5,1.15,1.5708,5.01466,1.11203,5.02892,1.16132,1.56589
9.16,5,1.16,1.5708,4.91989,1.21408,5.02899,1.17153,1.56596
9.17,5,1.17,1.5708,4.99459,1.14221,5.02905,1.18177,1.56623
9.18,5,1.18,1.5708,4.99539,1.17277,5.02911,1.19201,1.56636
9.19,5,1.19,1.5708,4.96556,1.19101,5.02917,1.20225,1.56624
9.2,5,1.2,1.5708,4.98588,1.1895,4.9982,1.19676,1.63107
9.21,5,1.21,1.5708,4.99358,1.24938,4.9976,1.20683,1.63104
9.22,5,1.22,1.5708,4.99655,1.19265,4.997,1.2169,1.63096
9.23,5,1.23,1.5708,4.98656,1.19986,4.9964,1.22699,1.63096
9.24,5,1.24,1.5708,4.97287,1.23717,4.99581,1.23707,1.63107
9.25,5,1.25,1.5708,4.99368,1.246,4.99521,1.24716,1.63099
9.26,5,1.26,1.5708,4.95551,1.26337,4.99461,1.25726,1.63098
9.27,5,1.27,1.5708,4.95619,1.21566,4.99401,1.26735,1.63096
9.28,5,1.28,1.5708,5.02627,1.30085,4.99341,1.27745,1.63087
9.29,5,1.29,1.5708,5.00501,1.29115,4.99281,1.28754,1.63087
9.3,5,1.3,1.5708,4.94921,1.32087,4.96176,1.31332,1.68652
9.31,5,1.31,1.5708,5.02634,1.30261,4.96057,1.32357,1.68661
9.32,5,1.32,1.5708,5.01144,1.28883,4.95939,1.33382,1.6866
9.33,5,1.33,1.5708,4.96917,1.31542,4.9582,1.34407,1.68643
9.34,5,1.34,1.5708,5.00988,1.34421,4.95702,1.35433,1.68656
9.35,5,1.35,1.5708,5.02498,1.3754,4.95583,1.36458,1.68657
9.36,5,1.36,1.5708,5.00391,1.33847,4.95465,1.37482,1.68638
9.37,5,1.37,1.5708,5.00345,1.36232,4.95346,1.38506,1.68634
9.38,5,1.38,1.5708,5.02119,1.368,4.95228,1.3953,1.68633
9.39,5,1.39,1.5708,4.97886,1.3661,4.9511,1.40553,1.68636
9.4,5,1.4,1.5708,5.02344,1.40806,5.00162,1.4108,1.60033
9.41,5,1.41,1.5708,4.98301,1.38262,5.00132,1.42103,1.60042
9.42,5,1.42,1.5708,4.98851,1.4489,5.00102,1.43126,1.60042
9.43,5,1.43,1.5708,4.99464,1.37461,5.00073,1.44147,1.60037
9.44,5,1.44,1.5708,4.95858,1.42619,5.00043,1.45169,1.60038
9.45,5,1.45,1.5708,4.98779,1.4536,5.00013,1.4619,1.60043
9.46,5,1.46,1.5708,4.9918,1.49192,4.99983,1.47211,1.60054
9.47,5,1.47,1.5708,4.99767,1.47222,4.99953,1.48232,1.60063
9.48,5,1.48,1.5708,4.96762,1.51864,4.99923,1.49254,1.60058
9.49,5,1.49,1.5708,4.94069,1.52252,4.99893,1.50276,1.60044
9.5,5,1.5,1.5708,5.02607,1.46864,5.01764,1.48294,1.57529
9.51,5,1.51,1.5708,4.97561,1.5209,5.0176,1.49285,1.57536
9.52,5,1.52,1.5708,5.03395,1.52345,5.01756,1.50277,1.57531
9.53,5,1.53,1.5708,5.01424,1.57401,5.01751,1.51269,1.57525
9.54,5,1.54,1.5708,5.06176,1.54762,5.01747,1.52262,1.5753
9.55,5,1.55,1.5708,4.97215,1.54633,5.01743,1.53255,1.57532
9.56,5,1.56,1.5708,4.9723,1.52523,5.01739,1.54248,1.57535
9.57,5,1.57,1.5708,4.96974,1.56615,5.01735,1.5524,1.57518
9.58,5,1.58,1.5708,4.99658,1.53857,5.01731,1.5623,1.5752
9.59,5,1.59,1.5708,4.98219,1.62325,5.01727,1.57224,1.5753
9.6,5,1.6,1.5708,5.02039,1.60413,5.01943,1.59704,1.57149
9.61,5,1.61,1.5708,5.07751,1.64746,5.01943,1.60716,1.57158
9.62,5,1.62,1.5708,5.01994,1.58955,5.01942,1.61727,1.57146
9.63,5,1.63,1.5708,4.96408,1.66616,5.01942,1.62739,1.57142
9.64,5,1.64,1.5708,4.99,1.64546,5.01942,1.63748,1.57143
9.65,5,1.65,1.5708,5.00346,1.65173,5.01941,1.64756,1.57143
9.66,5,1.66,1.5708,4.97096,1.67682,5.01941,1.65765,1.57142
9.67,5,1.67,1.5708,5.00431,1.61779,5.0194,1.66774,1.57135
9.68,5,1.68,1.5708,4.97361,1.71471,5.0194,1.67784,1.57126
9.69,5,1.69,1.5708,5.00644,1.74243,5.0194,1.68792,1.57127
9.7,5,1.7,1.5708,5.00854,1.73033,5.01199,1.71984,1.58002
9.71,5,1.71,1.5708,5.00855,1.70327,5.0119,1.7302,1.58013
9.72,5,1.72,1.5708,4.98029,1.73013,5.0118,1.74057,1.58027
9.73,5,1.73,1.5708,4.98375,1.74023,5.0117,1.75095,1.58028
9.74,5,1.74,1.5708,4.97082,1.75543,5.01161,1.76133,1.58025
9.75,5,1.75,1.5708,4.99752,1.81299,5.01151,1.77169,1.58033
9.76,5,1.76,1.5708,5.00934,1.71853,5.01141,1.78206,1.58027
9.77,5,1.77,1.5708,4.96853,1.75793,5.01132,1.79242,1.58026
9.78,5,1.78,1.5708,4.98602,1.90158,5.01122,1.80278,1.58018
9.79,5,1.79,1.5708,4.98822,1.78297,5.01113,1.81314,1.58017
9.8,5,1.8,1.5708,5.00363,1.8149,5.00597,1.81769,1.58645
9.81,5,1.81,1.5708,5.01974,1.84137,5.00581,1.82797,1.58645
9.82,5,1.82,1.5708,5.08078,1.84481,5.00565,1.83825,1.58642
9.83,5,1.83,1.5708,5.00146,1.76328,5.00549,1.84852,1.58655
9.84,5,1.84,1.5708,4.9696,1.78493,5.00533,1.85878,1.58657
9.85,5,1.85,1.5708,5.00007,1.90299,5.00517,1.86902,1.58651
9.86,5,1.86,1.5708,4.99031,1.87783,5.00501,1.87927,1.58644
9.87,5,1.87,1.5708,5.00729,1.8876,5.00485,1.88951,1.58644
9.88,5,1.88,1.5708,4.98844,1.90643,5.0047,1.89975,1.58632
9.89,5,1.89,1.5708,5.04196,1.93791,5.00454,1.91,1.58631
9.9,5,1.9,1.5708,4.99515,1.88171,4.99808,1.8943,1.59432
9.91,5,1.91,1.5708,4.9925,1.8942,4.99785,1.9043,1.59423
9.92,5,1.92,1.5708,4.99748,1.91933,4.99761,1.91432,1.59435
9.93,5,1.93,1.5708,5.03261,1.93946,4.99738,1.92434,1.59465
9.94,5,1.94,1.5708,4.96739,1.92315,4.99714,1.93435,1.59478
9.95,5,1.95,1.5708,4.97213,1.99136,4.9969,1.94436,1.59474
9.96,5,1.96,1.5708,5.03416,1.92547,4.99666,1.9544,1.59468
9.97,5,1.97,1.5708,4.98383,1.92207,4.99642,1.96443,1.59472
9.98,5,1.98,1.5708,5.00926,1.95874,4.99618,1.97446,1.59481
9.99,5,1.99,1.5708,5.05047,1.9681,4.99594,1.9845,1.59484
10,5,2,1.5708,4.96956,1.98025,4.978,1.98491,1.61407
10.01,5,2.01,1.5708,5.00184,2.07918,4.97757,1.99485,1.61402
10.02,5,2.02,1.5708,5.05405,2.02639,4.97714,2.0048,1.61413
10.03,5,2.03,1.5708,5.02377,2.03883,4.97671,2.01476,1.61406
10.04,5,2.04,1.5708,5.03922,2.06567,4.97628,2.02472,1.6142
10.05,5,2.05,1.5708,4.99437,2.08487,4.97585,2.0347,1.61403
10.06,5,2.06,1.5708,5.01527,2.06276,4.97541,2.04469,1.61407
10.07,5,2.07,1.5708,5.03125,2.04471,4.97498,2.05468,1.61406
10.08,5,2.08,1.5708,5.02097,2.06973,4.97455,2.06467,1.61406
10.09,5,2.09,1.5708,5.028,2.03717,4.97412,2.07465,1.61416
10.1,5,2.1,1.5708,4.95982,2.09911,4.96433,2.09436,1.62342
10.11,5,2.11,1.5708,5.04637,2.14296,4.9638,2.10445,1.62344
10.12,5,2.12,1.5708,4.9704,2.14554,4.96327,2.11454,1.62353
10.13,5,2.13,1.5708,5.0229,2.08332,4.96274,2.12463,1.62375
10.14,5,2.14,1.5708,4.97216,2.16284,4.96221,2.1347,1.62379
10.15,5,2.15,1.5708,5.02374,2.16365,4.96167,2.14478,1.62388
10.16,5,2.16,1.5708,5.00672,2.20233,4.96114,2.15486,1.62375
10.17,5,2.17,1.5708,5.02532,2.19777,4.9606,2.16494,1.62399
10.18,5,2.18,1.5708,4.99017,2.16354,4.96007,2.17503,1.62401
10.19,5,2.19,1.5708,5.00512,2.17921,4.95953,2.18511,1.62395
10.2,5,2.2,1.5708,4.96744,2.19186,4.96469,2.19296,1.6183
10.21,5,2.21,1.5708,4.96169,2.23846,4.96421,2.20304,1.61833
10.22,5,2.22,1.5708,5.0106,2.21169,4.96373,2.21313,1.61833
10.23,5,2.23,1.5708,5.05077,2.23794,4.96325,2.22321,1.61842
10.24,5,2.24,1.5708,5.00757,2.25344,4.96277,2.23329,1.61847
10.25,5,2.25,1.5708,4.9874,2.24124,4.96229,2.24338,1.61846
10.26,5,2.26,1.5708,5.02508,2.30361,4.96181,2.25347,1.61848
10.27,5,2.27,1.5708,4.96556,2.29284,4.96133,2.26356,1.6183
10.28,5,2.28,1.5708,4.96914,2.25373,4.96085,2.27364,1.61812
10.29,5,2.29,1.5708,5.05021,2.2625,4.96037,2.28374,1.6183
10.3,5,2.3,1.5708,5.03678,2.27639,5.01166,2.28216,1.56733
10.31,5,2.31,1.5708,4.99513,2.29269,5.0117,2.29216,1.56725
10.32,5,2.32,1.5708,5.00016,2.35236,5.01173,2.30216,1.5673
10.33,5,2.33,1.5708,4.97783,2.29142,5.01177,2.31215,1.56743
10.34,5,2.34,1.5708,5.02361,2.33367,5.0118,2.32215,1.5677
10.35,5,2.35,1.5708,5.00311,2.3056,5.01183,2.33214,1.56773
10.36,5,2.36,1.5708,5.00592,2.33682,5.01186,2.34213,1.56782
10.37,5,2.37,1.5708,4.95318,2.42462,5.0119,2.35215,1.56788
10.38,5,2.38,1.5708,5.02102,2.40199,5.01192,2.36218,1.56794
10.39,5,2.39,1.5708,5.00611,2.42939,5.01195,2.37221,1.56813
10.4,5,2.4,1.5708,5.05082,2.37342,5.03809,2.37633,1.54287
10.41,5,2.41,1.5708,4.94815,2.40946,5.03837,2.38628,1.54292
10.42,5,2.42,1.5708,4.99161,2.37913,5.03865,2.39623,1.54304
10.43,5,2.43,1.5708,5.01306,2.48016,5.03892,2.40619,1.54332
10.44,5,2.44,1.5708,4.98624,2.43374,5.0392,2.41616,1.54329
10.45,5,2.45,1.5708,5.02624,2.46029,5.03947,2.42612,1.5434
10.46,5,2.46,1.5708,5.01055,2.47571,5.03975,2.4361,1.54343
10.47,5,2.47,1.5708,5.03124,2.43517,5.04002,2.44605,1.54353
10.48,5,2.48,1.5708,4.97028,2.45024,5.04029,2.45599,1.54368
10.49,5,2.49,1.5708,4.95444,2.46261,5.04056,2.46595,1.54354
10.5,5,2.5,1.5708,4.97306,2.47544,4.99533,2.47559,1.58721
10.51,5,2.51,1.5708,4.98709,2.50016,4.99517,2.48552,1.58722
10.52,5,2.52,1.5708,5.04199,2.531,4.995,2.49548,1.58716
10.53,5,2.53,1.5708,4.96586,2.52175,4.99484,2.50543,1.58729
10.54,5,2.54,1.5708,5.02184,2.5599,4.99468,2.51538,1.58729
10.55,5,2.55,1.5708,5.04739,2.53735,4.99451,2.52533,1.58735
10.56,5,2.56,1.5708,4.97827,2.55827,4.99435,2.53526,1.5874
10.57,5,2.57,1.5708,5.07209,2.5831,4.99418,2.54522,1.58759
10.58,5,2.58,1.5708,5.00378,2.56353,4.99402,2.5552,1.58761
10.59,5,2.59,1.5708,5.04533,2.52599,4.99385,2.56516,1.58766
10.6,5,2.6,1.5708,4.94005,2.64296,4.95771,2.62058,1.62132
10.61,5,2.61,1.5708,4.97372,2.58427,4.95718,2.63098,1.62127
10.62,5,2.62,1.5708,5.01735,2.63573,4.95666,2.64138,1.62108
10.63,5,2.63,1.5708,4.97959,2.6304,4.95613,2.65179,1.62116
10.64,5,2.64,1.5708,5.02259,2.66464,4.95561,2.66222,1.62122
10.65,5,2.65,1.5708,5.0139,2.64435,4.95508,2.67264,1.62135
10.66,5,2.66,1.5708,5.01998,2.61071,4.95455,2.68307,1.6213
10.67,5,2.67,1.5708,5.02845,2.65575,4.95403,2.69349,1.62149
10.68,5,2.68,1.5708,4.94068,2.64454,4.9535,2.70393,1.62148
10.69,5,2.69,1.5708,4.95738,2.73244,4.95297,2.71437,1.6214
10.7,5,2.7,1.5708,5.01933,2.6731,4.99741,2.69018,1.57961
10.71,5,2.71,1.5708,5.04854,2.69489,4.99733,2.70029,1.57956
10.72,5,2.72,1.5708,4.9982,2.67991,4.99724,2.7104,1.57939
10.73,5,2.73,1.5708,4.90605,2.77373,4.99715,2.72053,1.57939
10.74,5,2.74,1.5708,5.00559,2.73287,4.99706,2.73066,1.57941
10.75,5,2.75,1.5708,5.03942,2.76933,4.99698,2.74079,1.57947
10.76,5,2.76,1.5708,5.0237,2.75278,4.99689,2.75093,1.57943
10.77,5,2.77,1.5708,5.01095,2.83047,4.9968,2.76108,1.57939
10.78,5,2.78,1.5708,4.95578,2.75614,4.99671,2.77126,1.57948
10.79,5,2.79,1.5708,4.98148,2.78777,4.99663,2.78143,1.57972
10.8,5,2.8,1.5708,5.02856,2.87047,5.01805,2.84443,1.55859
10.81,5,2.81,1.5708,5.00957,2.80397,5.01818,2.85509,1.55854
10.82,5,2.82,1.5708,4.95044,2.79934,5.01831,2.86575,1.55865
10.83,5,2.83,1.5708,4.97186,2.82378,5.01844,2.87642,1.5586
10.84,5,2.84,1.5708,4.97488,2.82433,5.01857,2.88711,1.55866
10.85,5,2.85,1.5708,5.05413,2.85213,5.0187,2.8978,1.5586
10.86,5,2.86,1.5708,5.02976,2.84901,5.01883,2.9085,1.55861
10.87,5,2.87,1.5708,4.99365,2.89636,5.01896,2.91919,1.55868
10.88,5,2.88,1.5708,4.96754,2.92849,5.01909,2.92988,1.55877
10.89,5,2.89,1.5708,4.96564,2.91405,5.01922,2.94055,1.55867
10.9,5,2.9,1.5708,4.97391,2.93292,4.98876,2.93896,1.588
10.91,5,2.91,1.5708,5.02175,2.95331,4.98858,2.94951,1.588
10.92,5,2.92,1.5708,4.98756,2.93931,4.98839,2.96006,1.58824
10.93,5,2.93,1.5708,5.01919,2.94852,4.98821,2.97061,1.58821
10.94,5,2.94,1.5708,4.94758,2.93256,4.98803,2.98115,1.58832
10.95,5,2.95,1.5708,4.97116,2.88056,4.98784,2.99171,1.58817
10.96,5,2.96,1.5708,4.95822,2.94186,4.98766,3.00226,1.58813
10.97,5,2.97,1.5708,4.98255,2.92465,4.98748,3.0128,1.58816
10.98,5,2.98,1.5708,4.94572,2.98604,4.98729,3.02334,1.58813
10.99,5,2.99,1.5708,4.96687,2.95493,4.98711,3.03388,1.58815
11,5,3,1.5708,5.0106,3.06202,5.00286,3.05621,1.57275
11.01,5,3.01,1.5708,4.97987,3.04065,5.00284,3.06685,1.57282
11.02,5,3.02,1.5708,5.01228,3.06161,5.00282,3.07749,1.573
11.03,5,3.03,1.5708,5.01595,3.00929,5.00279,3.08813,1.57295
11.04,5,3.04,1.5708,5.02584,3.06226,5.00277,3.09879,1.57299
11.05,5,3.05,1.5708,5.04362,3.09288,5.00275,3.10944,1.57302
11.06,5,3.06,1.5708,4.96362,3.08172,5.00272,3.12009,1.573
11.07,5,3.07,1.5708,5.0344,3.04296,5.0027,3.13075,1.57329
11.08,5,3.08,1.5708,5.0469,3.12192,5.00267,3.14137,1.57332
11.09,5,3.09,1.5708,4.98459,3.12186,5.00265,3.152,1.57332
11.1,5,3.1,1.5708,4.95078,3.0713,4.96773,3.10148,1.60679
11.11,5,3.11,1.5708,4.99124,3.102,4.96737,3.11152,1.60662
11.12,5,3.12,1.5708,5.02144,3.13783,4.96701,3.12157,1.6066
11.13,5,3.13,1.5708,5.02713,3.1028,4.96665,3.13162,1.60647
11.14,5,3.14,1.5708,5.04619,3.12911,4.96629,3.14166,1.60631
11.15,5,3.15,1.5708,5.0008,3.14199,4.96593,3.1517,1.60635
11.16,5,3.16,1.5708,5.01863,3.14728,4.96558,3.16175,1.60638
11.17,5,3.17,1.5708,5.01818,3.1599,4.96522,3.17181,1.60622
11.18,5,3.18,1.5708,5.04848,3.20478,4.96486,3.18186,1.60629
11.19,5,3.19,1.5708,5.03688,3.18338,4.9645,3.1919,1.60622
11.2,5,3.2,1.5708,5.02992,3.18356,5.00824,3.18964,1.56632
11.21,5,3.21,1.5708,4.99788,3.19157,5.00828,3.19955,1.56637
11.22,5,3.22,1.5708,5.04527,3.20825,5.00833,3.20948,1.56634
11.23,5,3.23,1.5708,4.94079,3.25042,5.00837,3.2194,1.56639
11.24,5,3.24,1.5708,5.02683,3.24594,5.00841,3.22933,1.56636
11.25,5,3.25,1.5708,5.04461,3.21681,5.00846,3.23924,1.56648
11.26,5,3.26,1.5708,4.96716,3.2508,5.0085,3.24916,1.56669
11.27,5,3.27,1.5708,5.02417,3.25821,5.00854,3.25906,1.56674
11.28,5,3.28,1.5708,5.0177,3.30284,5.00858,3.26895,1.56672
11.29,5,3.29,1.5708,4.95997,3.29689,5.00862,3.27885,1.56666
11.3,5,3.3,1.5708,5.04588,3.33126,5.03356,3.3172,1.54405
11.31,5,3.31,1.5708,5.01665,3.28511,5.03383,3.32735,1.54402
11.32,5,3.32,1.5708,4.9629,3.30665,5.0341,3.33751,1.54392
11.33,5,3.33,1.5708,5.00952,3.31066,5.03438,3.34767,1.54407
11.34,5,3.34,1.5708,4.97835,3.32475,5.03465,3.35781,1.54403
11.35,5,3.35,1.5708,5.04597,3.3503,5.03492,3.36796,1.54417
11.36,5,3.36,1.5708,5.03907,3.33333,5.03519,3.3781,1.54429
11.37,5,3.37,1.5708,4.96641,3.40208,5.03546,3.38825,1.54438
11.38,5,3.38,1.5708,5.01217,3.45864,5.03573,3.39841,1.54408
11.39,5,3.39,1.5708,4.94211,3.39479,5.036,3.40854,1.54402
11.4,5,3.4,1.5708,5.00817,3.37303,5.01746,3.38812,1.56055
11.41,5,3.41,1.5708,5.03896,3.48793,5.01756,3.39797,1.56063
11.42,5,3.42,1.5708,5.03852,3.41171,5.01766,3.40781,1.56061
11.43,5,3.43,1.5708,5.01719,3.44366,5.01776,3.41764,1.56079
11.44,5,3.44,1.5708,4.99695,3.469,5.01786,3.42748,1.56087
11.45,5,3.45,1.5708,5.01038,3.48234,5.01795,3.43731,1.56086
11.46,5,3.46,1.5708,4.96766,3.49072,5.01805,3.44714,1.56093
11.47,5,3.47,1.5708,5.02388,3.48342,5.01815,3.45698,1.56093
11.48,5,3.48,1.5708,5.00667,3.4671,5.01825,3.46682,1.56096
11.49,5,3.49,1.5708,4.98396,3.46684,5.01834,3.47666,1.56108
11.5,5,3.5,1.5708,4.99656,3.51638,5.00381,3.5065,1.57436
11.51,5,3.51,1.5708,5.02137,3.47764,5.00378,3.51655,1.57432
11.52,5,3.52,1.5708,4.99897,3.47372,5.00374,3.52658,1.57438
11.53,5,3.53,1.5708,4.97995,3.56246,5.00371,3.53663,1.57445
11.54,5,3.54,1.5708,5.02193,3.52567,5.00367,3.54669,1.57457
11.55,5,3.55,1.5708,4.99564,3.51503,5.00363,3.55675,1.57457
11.56,5,3.56,1.5708,4.98414,3.58527,5.00359,3.56683,1.57455
11.57,5,3.57,1.5708,4.99853,3.58653,5.00356,3.57691,1.57454
11.58,5,3.58,1.5708,5.003,3.61471,5.00352,3.587,1.57485
11.59,5,3.59,1.5708,5.03772,3.59864,5.00348,3.59708,1.57491
11.6,5,3.6,1.5708,4.95133,3.56691,4.96857,3.58021,1.60621
11.61,5,3.61,1.5708,5.00406,3.62497,4.96822,3.59002,1.60627
11.62,5,3.62,1.5708,4.99937,3.6428,4.96787,3.59982,1.60626
11.63,5,3.63,1.5708,5.03571,3.66056,4.96753,3.60963,1.60621
11.64,5,3.64,1.5708,4.96743,3.70343,4.96718,3.61945,1.6062
11.65,5,3.65,1.5708,4.97306,3.68237,4.96683,3.62925,1.60617
11.66,5,3.66,1.5708,5.00703,3.66689,4.96648,3.63906,1.60618
11.67,5,3.67,1.5708,5.01922,3.65989,4.96614,3.64887,1.60634
11.68,5,3.68,1.5708,4.98107,3.68819,4.96579,3.65869,1.60634
11.69,5,3.69,1.5708,4.99144,3.6577,4.96544,3.66849,1.60652
11.7,5,3.7,1.5708,5.02835,3.7041,5.00737,3.69556,1.56843
11.71,5,3.71,1.5708,4.99864,3.67867,5.00739,3.70553,1.56859
11.72,5,3.72,1.5708,4.98438,3.73551,5.00742,3.71552,1.56866
11.73,5,3.73,1.5708,5.02231,3.74476,5.00744,3.7255,1.56867
11.74,5,3.74,1.5708,5.02283,3.7554,5.00746,3.73548,1.56871
11.75,5,3.75,1.5708,5.02248,3.75065,5.00748,3.74546,1.56865
11.76,5,3.76,1.5708,5.0089,3.72339,5.0075,3.75544,1.56867
11.77,5,3.77,1.5708,5.0122,3.73661,5.00752,3.7654,1.56871
11.78,5,3.78,1.5708,5.00626,3.80905,5.00754,3.77536,1.56879
11.79,5,3.79,1.5708,5.05427,3.80682,5.00756,3.78532,1.56872
11.8,5,3.8,1.5708,4.97957,3.74365,4.98885,3.76073,1.58578
11.81,5,3.81,1.5708,4.98498,3.81471,4.9887,3.77038,1.58585
11.82,5,3.82,1.5708,5.05059,3.80088,4.98856,3.78003,1.58579
11.83,5,3.83,1.5708,5.00528,3.86098,4.98841,3.78967,1.58571
11.84,5,3.84,1.5708,4.97524,3.85177,4.98827,3.79929,1.58578
11.85,5,3.85,1.5708,5.00149,3.8799,4.98813,3.80893,1.58579
11.86,5,3.86,1.5708,4.99116,3.86108,4.98798,3.81857,1.58587
11.87,5,3.87,1.5708,5.01551,3.88312,4.98784,3.82821,1.58594
11.88,5,3.88,1.5708,5.01367,3.8735,4.98769,3.83786,1.58596
11.89,5,3.89,1.5708,5.02176,3.88685,4.98754,3.84752,1.58606
11.9,5,3.9,1.5708,4.97684,3.85239,4.98035,3.85397,1.59247
11.91,5,3.91,1.5708,5.0197,3.9147,4.98014,3.86359,1.59267
11.92,5,3.92,1.5708,4.9822,3.8958,4.97993,3.87321,1.59279
11.93,5,3.93,1.5708,5.00127,3.88042,4.97972,3.88282,1.59294
11.94,5,3.94,1.5708,4.91542,3.90071,4.9795,3.89244,1.59284
11.95,5,3.95,1.5708,5.00573,3.93121,4.97929,3.90209,1.593
11.96,5,3.96,1.5708,4.9922,3.92097,4.97908,3.91173,1.59321
11.97,5,3.97,1.5708,5.00098,3.95389,4.97886,3.92138,1.59322
11.98,5,3.98,1.5708,5.02359,3.95297,4.97865,3.931,1.59317
11.99,5,3.99,1.5708,4.96166,4.01236,4.97843,3.94062,1.59326
12,5,4,1.5708,5.05184,3.97042,5.02735,3.96374,1.54946
12.01,5,4.01,1.5708,4.96547,3.99635,5.02756,3.97346,1.54964
12.02,5,4.02,1.5708,5.02182,4.04422,5.02776,3.98319,1.54952
12.03,5,4.03,1.5708,4.95918,3.97588,5.02797,3.99291,1.54952
12.04,5,4.04,1.5708,5.05257,4.03868,5.02818,4.00265,1.54961
12.05,5,4.05,1.5708,4.9835,4.0739,5.02838,4.01242,1.54957
12.06,5,4.06,1.5708,4.99855,4.06692,5.02859,4.02219,1.5496
12.07,5,4.07,1.5708,4.99601,4.11837,5.0288,4.03198,1.54957
12.08,5,4.08,1.5708,5.03609,4.10627,5.02901,4.04178,1.54954
12.09,5,4.09,1.5708,4.96024,4.01211,5.02922,4.05159,1.54963
12.1,5,4.1,1.5708,4.9985,4.09622,5.00877,4.0847,1.56828
12.11,5,4.11,1.5708,4.9728,4.14529,5.00879,4.09474,1.56823
12.12,5,4.12,1.5708,4.98635,4.10883,5.00882,4.10479,1.56835
12.13,5,4.13,1.5708,5.0239,4.10676,5.00885,4.11485,1.56845
12.14,5,4.14,1.5708,4.99397,4.1296,5.00887,4.12492,1.56864
12.15,5,4.15,1.5708,5.02493,4.13122,5.00889,4.13499,1.56867
12.16,5,4.16,1.5708,4.93927,4.1541,5.00891,4.14504,1.56865
12.17,5,4.17,1.5708,5.01707,4.17772,5.00893,4.15508,1.56872
12.18,5,4.18,1.5708,4.97359,4.14941,5.00895,4.16512,1.5688
12.19,5,4.19,1.5708,4.98054,4.18576,5.00897,4.17515,1.5687
12.2,5,4.2,1.5708,5.01608,4.12645,5.01374,4.14588,1.56432
12.21,5,4.21,1.5708,4.97363,4.23001,5.0138,4.15557,1.56445
12.22,5,4.22,1.5708,4.97578,4.24073,5.01386,4.16524,1.56471
12.23,5,4.23,1.5708,5.01241,4.24572,5.01392,4.17492,1.56477
12.24,5,4.24,1.5708,5.02053,4.238,5.01398,4.18458,1.56481
12.25,5,4.25,1.5708,4.98489,4.30228,5.01404,4.19425,1.56467
12.26,5,4.26,1.5708,4.98083,4.29706,5.0141,4.20392,1.56478
12.27,5,4.27,1.5708,4.99463,4.23952,5.01415,4.2136,1.56477
12.28,5,4.28,1.5708,4.98004,4.25761,5.01421,4.22328,1.56475
12.29,5,4.29,1.5708,5.0132,4.23794,5.01427,4.23296,1.56473
12.3,5,4.3,1.5708,5.01484,4.30902,5.01467,4.28706,1.56461
12.31,5,4.31,1.5708,4.9777,4.28685,5.01473,4.29717,1.56462
12.32,5,4.32,1.5708,5.0177,4.3123,5.0148,4.30727,1.56467
12.33,5,4.33,1.5708,5.01796,4.35099,5.01486,4.31737,1.56466
12.34,5,4.34,1.5708,5.04434,4.3704,5.01492,4.32745,1.56466
12.35,5,4.35,1.5708,5.03579,4.32483,5.01498,4.33753,1.56465
12.36,5,4.36,1.5708,4.97752,4.35072,5.01504,4.34763,1.56472
12.37,5,4.37,1.5708,5.05277,4.42793,5.01511,4.35773,1.5647
12.38,5,4.38,1.5708,5.04607,4.40792,5.01517,4.36782,1.56465
12.39,5,4.39,1.5708,5.00173,4.37432,5.01523,4.3779,1.56453
12.4,5,4.4,1.5708,4.96083,4.37968,4.97883,4.38243,1.59781
12.41,5,4.41,1.5708,5.02204,4.46442,4.97855,4.39246,1.59802
12.42,5,4.42,1.5708,4.99632,4.42287,4.97828,4.4025,1.59806
12.43,5,4.43,1.5708,4.98939,4.42124,4.97801,4.41255,1.59797
12.44,5,4.44,1.5708,4.98169,4.40728,4.97773,4.4226,1.59803
12.45,5,4.45,1.5708,5.03737,4.42836,4.97746,4.43264,1.59801
12.46,5,4.46,1.5708,4.99337,4.43248,4.97719,4.4427,1.5981
12.47,5,4.47,1.5708,5.00621,4.47749,4.97691,4.45276,1.5982
12.48,5,4.48,1.5708,5.00928,4.4849,4.97664,4.46282,1.5982
12.49,5,4.49,1.5708,5.00885,4.45405,4.97636,4.47286,1.59811
12.5,5,4.5,1.5708,4.9518,4.48882,4.95982,4.48686,1.61294
12.51,5,4.51,1.5708,4.96814,4.55192,4.95939,4.49694,1.61313
12.52,5,4.52,1.5708,5.01893,4.54654,4.95897,4.50703,1.61311
12.53,5,4.53,1.5708,4.96763,4.51075,4.95854,4.51711,1.61312
12.54,5,4.54,1.5708,4.98611,4.61327,4.95811,4.52721,1.61298
12.55,5,4.55,1.5708,4.96453,4.56203,4.95769,4.53729,1.61305
12.56,5,4.56,1.5708,5.00853,4.57998,4.95726,4.54737,1.6131
12.57,5,4.57,1.5708,5.00139,4.54286,4.95683,4.55747,1.6131
12.58,5,4.58,1.5708,5.05765,4.4934,4.95641,4.56756,1.61314
12.59,5,4.59,1.5708,5.01499,4.6278,4.95598,4.57767,1.61322
12.6,5,4.6,1.5708,5.05383,4.61107,5.0214,4.60337,1.55231
12.61,5,4.61,1.5708,4.99168,4.57233,5.02159,4.61361,1.55252
12.62,5,4.62,1.5708,4.98522,4.59038,5.02178,4.62384,1.55247
12.63,5,4.63,1.5708,4.99574,4.60311,5.02196,4.63407,1.55254
12.64,5,4.64,1.5708,4.99779,4.66932,5.02215,4.6443,1.55267
12.65,5,4.65,1.5708,4.97872,4.64751,5.02234,4.65454,1.55283
12.66,5,4.66,1.5708,4.94453,4.65161,5.02252,4.66479,1.55309
12.67,5,4.67,1.5708,5.02573,4.61802,5.0227,4.67504,1.55302
12.68,5,4.68,1.5708,5.01791,4.67884,5.02288,4.68527,1.55315
12.69,5,4.69,1.5708,4.9597,4.66448,5.02306,4.69551,1.55311
12.7,5,4.7,1.5708,4.98766,4.72974,4.99938,4.7218,1.57511
12.71,5,4.71,1.5708,5.00013,4.70726,4.99934,4.73219,1.57512
12.72,5,4.72,1.5708,4.97938,4.76166,4.99929,4.74258,1.5751
12.73,5,4.73,1.5708,4.97878,4.75595,4.99925,4.75296,1.57522
12.74,5,4.74,1.5708,5.03669,4.71322,4.9992,4.76333,1.57521
12.75,5,4.75,1.5708,4.95369,4.76702,4.99916,4.77368,1.57527
12.76,5,4.76,1.5708,5.01129,4.76623,4.99911,4.78404,1.57538
12.77,5,4.77,1.5708,5.01964,4.74605,4.99906,4.7944,1.57537
12.78,5,4.78,1.5708,5.02727,4.73318,4.99902,4.80478,1.57545
12.79,5,4.79,1.5708,4.98974,4.75731,4.99897,4.81518,1.57549
12.8,5,4.8,1.5708,5.00269,4.80202,5.00145,4.80981,1.57314
12.81,5,4.81,1.5708,5.06389,4.84181,5.00143,4.82005,1.57315
12.82,5,4.82,1.5708,4.99075,4.79463,5.0014,4.8303,1.57325
12.83,5,4.83,1.5708,4.9483,4.82637,5.00138,4.84054,1.57317
12.84,5,4.84,1.5708,4.97749,4.84926,5.00135,4.8508,1.57319
12.85,5,4.85,1.5708,5.01039,4.8527,5.00133,4.86104,1.57329
12.86,5,4.86,1.5708,4.99073,4.85003,5.0013,4.8713,1.57313
12.87,5,4.87,1.5708,5.00834,4.9016,5.00128,4.88155,1.57318
12.88,5,4.88,1.5708,4.99652,4.89121,5.00125,4.89181,1.57325
12.89,5,4.89,1.5708,5.02453,4.85368,5.00123,4.90206,1.57319
12.9,5,4.9,1.5708,4.9864,4.8933,4.99127,4.89959,1.58245
12.91,5,4.91,1.5708,4.98086,4.8837,4.99116,4.90973,1.58245
12.92,5,4.92,1.5708,4.98557,4.8937,4.99104,4.91986,1.58241
12.93,5,4.93,1.5708,4.94275,4.94141,4.99092,4.92999,1.58251
12.94,5,4.94,1.5708,4.99451,4.92212,4.9908,4.94014,1.58264
12.95,5,4.95,1.5708,5.06909,4.9435,4.99068,4.9503,1.58268
12.96,5,4.96,1.5708,4.97568,4.9057,4.99056,4.96045,1.5826
12.97,5,4.97,1.5708,5.00215,5.01857,4.99044,4.97061,1.58263
12.98,5,4.98,1.5708,5.01316,4.99467,4.99032,4.98077,1.58277
12.99,5,4.99,1.5708,5.01192,4.98215,4.9902,4.99092,1.58255
13,5,5,1.5708,5.00022,5.02007,4.99688,5.01378,1.57641
